experiment,round,rmse,mae,r2,eval_time_round,eval_time_round
retailer_region-cycling-ce-on-tf-0p3-le-5-eta-0p1-md-6-ss-0p6_2025-06-24,1,83.1401823918718,64.71572875976562,0.9054712057113647,0.001
retailer_region-cycling-ce-on-tf-0p3-le-5-eta-0p1-md-6-ss-0p6_2025-06-24,2,94.24712822786283,84.18809509277344,-6.518003940582275,0.001
retailer_region-cycling-ce-on-tf-0p3-le-5-eta-0p1-md-6-ss-0p6_2025-06-24,3,37.203770057906446,27.562503814697266,0.9748330116271973,0.001
retailer_region-cycling-ce-on-tf-0p2-le-1-eta-0p05-md-6-ss-0p8_2025-06-24,1,115.0495886143236,88.64483642578125,0.46144580841064453,0.001
retailer_region-cycling-ce-on-tf-0p2-le-1-eta-0p05-md-6-ss-0p8_2025-06-24,2,133.62684227029865,91.59382629394531,0.6034845113754272,0.002
retailer_region-cycling-ce-on-tf-0p2-le-1-eta-0p05-md-6-ss-0p8_2025-06-24,3,78.13037978050707,49.870330810546875,0.70765221118927,0.001
retailer_region-cycling-ce-on-tf-0p3-le-1-eta-0p1-md-6-ss-0p6_2025-06-24,1,110.77563845715372,85.5647964477539,0.46273934841156006,0.001
retailer_region-cycling-ce-on-tf-0p3-le-1-eta-0p1-md-6-ss-0p6_2025-06-24,2,124.83133840578981,79.79608917236328,0.6020435094833374,0.001
retailer_region-cycling-ce-on-tf-0p3-le-1-eta-0p1-md-6-ss-0p6_2025-06-24,3,86.05111185666664,54.00501251220703,0.7236654758453369,0.002
