City,Price per Unit,Product_Men's Athletic Footwear,Product_Men's Street Footwear,Product_Women's Apparel,Product_Women's Athletic Footwear,Product_Women's Street Footwear,Region_Northeast,Region_South,Region_Southeast,Region_West,Retailer ID,Retailer_Foot Locker,Retailer_Kohl's,Retailer_Sports Direct,Retailer_Walmart,Retailer_West Gear,Sales Method_Online,Sales Method_Outlet,State,Units Sold
20.0,24.0,0.0,0.0,0.0,1.0,0.0,1.0,0.0,0.0,0.0,1185732.0,0.0,0.0,1.0,0.0,0.0,0.0,1.0,6.0,39
8.0,47.0,0.0,0.0,1.0,0.0,0.0,1.0,0.0,0.0,0.0,1185732.0,0.0,0.0,1.0,0.0,0.0,0.0,1.0,20.0,120
20.0,45.0,0.0,0.0,0.0,1.0,0.0,1.0,0.0,0.0,0.0,1185732.0,0.0,0.0,1.0,0.0,0.0,0.0,0.0,6.0,225
20.0,30.000000000000004,0.0,0.0,0.0,0.0,1.0,1.0,0.0,0.0,0.0,1185732.0,0.0,0.0,1.0,0.0,0.0,0.0,0.0,6.0,250
4.0,37.0,0.0,0.0,0.0,1.0,0.0,1.0,0.0,0.0,0.0,1185732.0,0.0,0.0,1.0,0.0,0.0,1.0,0.0,19.0,44
43.0,40.0,1.0,0.0,0.0,0.0,0.0,1.0,0.0,0.0,0.0,1185732.0,0.0,0.0,1.0,0.0,0.0,0.0,0.0,38.0,150
8.0,39.0,0.0,0.0,1.0,0.0,0.0,1.0,0.0,0.0,0.0,1185732.0,0.0,0.0,1.0,0.0,0.0,1.0,0.0,20.0,54
35.0,35.0,0.0,0.0,0.0,0.0,1.0,1.0,0.0,0.0,0.0,1197831.0,0.0,0.0,1.0,0.0,0.0,0.0,1.0,31.0,700
20.0,40.0,0.0,1.0,0.0,0.0,0.0,1.0,0.0,0.0,0.0,1185732.0,0.0,0.0,1.0,0.0,0.0,0.0,0.0,6.0,500
20.0,36.0,0.0,0.0,0.0,0.0,1.0,1.0,0.0,0.0,0.0,1185732.0,0.0,0.0,1.0,0.0,0.0,0.0,1.0,6.0,107
36.0,64.99999999999999,0.0,0.0,1.0,0.0,0.0,1.0,0.0,0.0,0.0,1185732.0,0.0,0.0,1.0,0.0,0.0,0.0,0.0,29.0,250
8.0,54.99999999999999,0.0,1.0,0.0,0.0,0.0,1.0,0.0,0.0,0.0,1185732.0,0.0,0.0,1.0,0.0,0.0,0.0,0.0,20.0,450
20.0,38.0,1.0,0.0,0.0,0.0,0.0,1.0,0.0,0.0,0.0,1185732.0,0.0,0.0,1.0,0.0,0.0,0.0,1.0,6.0,120
8.0,41.0,0.0,0.0,0.0,0.0,1.0,1.0,0.0,0.0,0.0,1185732.0,0.0,0.0,1.0,0.0,0.0,0.0,1.0,20.0,38
8.0,40.0,0.0,0.0,0.0,0.0,0.0,1.0,0.0,0.0,0.0,1185732.0,0.0,0.0,1.0,0.0,0.0,0.0,1.0,20.0,51
4.0,54.0,0.0,0.0,1.0,0.0,0.0,1.0,0.0,0.0,0.0,1185732.0,0.0,0.0,1.0,0.0,0.0,1.0,0.0,19.0,102
36.0,55.0,0.0,0.0,0.0,0.0,0.0,1.0,0.0,0.0,0.0,1185732.0,0.0,0.0,1.0,0.0,0.0,1.0,0.0,29.0,83
43.0,60.0,0.0,0.0,0.0,0.0,0.0,1.0,0.0,0.0,0.0,1185732.0,0.0,0.0,1.0,0.0,0.0,0.0,0.0,38.0,225
4.0,54.99999999999999,0.0,0.0,1.0,0.0,0.0,1.0,0.0,0.0,0.0,1185732.0,0.0,0.0,1.0,0.0,0.0,0.0,0.0,19.0,200
20.0,44.0,0.0,0.0,0.0,0.0,1.0,1.0,0.0,0.0,0.0,1185732.0,0.0,0.0,1.0,0.0,0.0,1.0,0.0,6.0,81
8.0,41.0,0.0,0.0,0.0,0.0,1.0,1.0,0.0,0.0,0.0,1185732.0,0.0,0.0,1.0,0.0,0.0,1.0,0.0,20.0,56
43.0,50.0,1.0,0.0,0.0,0.0,0.0,1.0,0.0,0.0,0.0,1185732.0,0.0,0.0,1.0,0.0,0.0,0.0,0.0,38.0,300
8.0,44.0,0.0,0.0,0.0,1.0,0.0,1.0,0.0,0.0,0.0,1185732.0,0.0,0.0,1.0,0.0,0.0,1.0,0.0,20.0,47
8.0,53.0,0.0,0.0,0.0,0.0,1.0,1.0,0.0,0.0,0.0,1185732.0,0.0,0.0,1.0,0.0,0.0,1.0,0.0,20.0,34
8.0,38.0,0.0,0.0,0.0,1.0,0.0,1.0,0.0,0.0,0.0,1185732.0,0.0,0.0,1.0,0.0,0.0,0.0,1.0,20.0,32
8.0,60.0,0.0,1.0,0.0,0.0,0.0,1.0,0.0,0.0,0.0,1185732.0,0.0,0.0,1.0,0.0,0.0,0.0,0.0,20.0,400
8.0,30.0,0.0,0.0,1.0,0.0,0.0,1.0,0.0,0.0,0.0,1185732.0,0.0,0.0,1.0,0.0,0.0,0.0,1.0,20.0,80
43.0,36.0,0.0,1.0,0.0,0.0,0.0,1.0,0.0,0.0,0.0,1185732.0,0.0,0.0,1.0,0.0,0.0,1.0,0.0,38.0,140
20.0,40.0,0.0,1.0,0.0,0.0,0.0,1.0,0.0,0.0,0.0,1185732.0,0.0,0.0,1.0,0.0,0.0,0.0,1.0,6.0,206
36.0,50.0,0.0,0.0,0.0,1.0,0.0,1.0,0.0,0.0,0.0,1185732.0,0.0,0.0,1.0,0.0,0.0,0.0,0.0,29.0,275
8.0,55.00000000000001,1.0,0.0,0.0,0.0,0.0,1.0,0.0,0.0,0.0,1185732.0,0.0,0.0,1.0,0.0,0.0,0.0,0.0,20.0,225
8.0,54.0,0.0,0.0,0.0,1.0,0.0,1.0,0.0,0.0,0.0,1185732.0,0.0,0.0,1.0,0.0,0.0,1.0,0.0,20.0,27
43.0,38.0,1.0,0.0,0.0,0.0,0.0,1.0,0.0,0.0,0.0,1185732.0,0.0,0.0,1.0,0.0,0.0,1.0,0.0,38.0,41
8.0,36.0,0.0,0.0,0.0,0.0,0.0,1.0,0.0,0.0,0.0,1185732.0,0.0,0.0,1.0,0.0,0.0,0.0,1.0,20.0,31
43.0,40.0,0.0,0.0,1.0,0.0,0.0,1.0,0.0,0.0,0.0,1185732.0,0.0,0.0,1.0,0.0,0.0,0.0,0.0,38.0,250
20.0,50.0,1.0,0.0,0.0,0.0,0.0,1.0,0.0,0.0,0.0,1185732.0,0.0,0.0,1.0,0.0,0.0,0.0,0.0,6.0,400
20.0,39.0,0.0,0.0,0.0,0.0,0.0,1.0,0.0,0.0,0.0,1185732.0,0.0,0.0,1.0,0.0,0.0,0.0,1.0,6.0,66
20.0,36.0,0.0,0.0,0.0,0.0,0.0,1.0,0.0,0.0,0.0,1185732.0,0.0,0.0,1.0,0.0,0.0,0.0,1.0,6.0,91
8.0,60.0,0.0,0.0,1.0,0.0,0.0,1.0,0.0,0.0,0.0,1185732.0,0.0,0.0,1.0,0.0,0.0,0.0,0.0,20.0,325
20.0,55.0,0.0,0.0,1.0,0.0,0.0,1.0,0.0,0.0,0.0,1185732.0,0.0,0.0,1.0,0.0,0.0,1.0,0.0,6.0,113
4.0,54.99999999999999,0.0,0.0,1.0,0.0,0.0,1.0,0.0,0.0,0.0,1185732.0,0.0,0.0,1.0,0.0,0.0,0.0,0.0,19.0,350
20.0,51.0,0.0,1.0,0.0,0.0,0.0,1.0,0.0,0.0,0.0,1185732.0,0.0,0.0,1.0,0.0,0.0,1.0,0.0,6.0,163
4.0,49.99999999999999,0.0,1.0,0.0,0.0,0.0,1.0,0.0,0.0,0.0,1185732.0,0.0,0.0,1.0,0.0,0.0,0.0,0.0,19.0,500
20.0,38.0,1.0,0.0,0.0,0.0,0.0,1.0,0.0,0.0,0.0,1185732.0,0.0,0.0,1.0,0.0,0.0,0.0,1.0,6.0,124
35.0,35.0,1.0,0.0,0.0,0.0,0.0,1.0,0.0,0.0,0.0,1197831.0,0.0,0.0,1.0,0.0,0.0,0.0,1.0,31.0,900
20.0,60.0,0.0,1.0,0.0,0.0,0.0,1.0,0.0,0.0,0.0,1185732.0,0.0,0.0,1.0,0.0,0.0,0.0,0.0,6.0,450
36.0,50.0,0.0,0.0,0.0,0.0,0.0,1.0,0.0,0.0,0.0,1185732.0,0.0,0.0,1.0,0.0,0.0,0.0,0.0,29.0,200
20.0,48.0,0.0,0.0,0.0,0.0,0.0,1.0,0.0,0.0,0.0,1185732.0,0.0,0.0,1.0,0.0,0.0,1.0,0.0,6.0,39
8.0,32.0,0.0,0.0,0.0,1.0,0.0,1.0,0.0,0.0,0.0,1185732.0,0.0,0.0,1.0,0.0,0.0,1.0,0.0,20.0,35
4.0,40.0,0.0,0.0,0.0,1.0,0.0,1.0,0.0,0.0,0.0,1185732.0,0.0,0.0,1.0,0.0,0.0,0.0,0.0,19.0,150
8.0,54.99999999999999,0.0,1.0,0.0,0.0,0.0,1.0,0.0,0.0,0.0,1185732.0,0.0,0.0,1.0,0.0,0.0,0.0,0.0,20.0,575
20.0,35.0,0.0,0.0,0.0,1.0,0.0,1.0,0.0,0.0,0.0,1185732.0,0.0,0.0,1.0,0.0,0.0,0.0,0.0,6.0,125
8.0,33.0,0.0,0.0,0.0,0.0,0.0,1.0,0.0,0.0,0.0,1185732.0,0.0,0.0,1.0,0.0,0.0,0.0,1.0,20.0,44
43.0,40.0,0.0,1.0,0.0,0.0,0.0,1.0,0.0,0.0,0.0,1185732.0,0.0,0.0,1.0,0.0,0.0,0.0,1.0,38.0,105
8.0,54.99999999999999,0.0,1.0,0.0,0.0,0.0,1.0,0.0,0.0,0.0,1185732.0,0.0,0.0,1.0,0.0,0.0,0.0,0.0,20.0,600
20.0,45.0,0.0,0.0,0.0,1.0,0.0,1.0,0.0,0.0,0.0,1185732.0,0.0,0.0,1.0,0.0,0.0,0.0,0.0,6.0,175
36.0,49.0,0.0,0.0,0.0,0.0,1.0,1.0,0.0,0.0,0.0,1185732.0,0.0,0.0,1.0,0.0,0.0,1.0,0.0,29.0,91
8.0,30.000000000000004,0.0,0.0,0.0,0.0,1.0,1.0,0.0,0.0,0.0,1185732.0,0.0,0.0,1.0,0.0,0.0,0.0,0.0,20.0,150
43.0,37.0,1.0,0.0,0.0,0.0,0.0,1.0,0.0,0.0,0.0,1185732.0,0.0,0.0,1.0,0.0,0.0,0.0,1.0,38.0,102
8.0,48.0,0.0,0.0,0.0,0.0,0.0,1.0,0.0,0.0,0.0,1185732.0,0.0,0.0,1.0,0.0,0.0,1.0,0.0,20.0,41
20.0,38.0,1.0,0.0,0.0,0.0,0.0,1.0,0.0,0.0,0.0,1185732.0,0.0,0.0,1.0,0.0,0.0,1.0,0.0,6.0,58
20.0,65.0,0.0,0.0,0.0,0.0,0.0,1.0,0.0,0.0,0.0,1185732.0,0.0,0.0,1.0,0.0,0.0,0.0,0.0,6.0,150
36.0,60.0,0.0,1.0,0.0,0.0,0.0,1.0,0.0,0.0,0.0,1185732.0,0.0,0.0,1.0,0.0,0.0,0.0,0.0,29.0,400
8.0,57.0,0.0,1.0,0.0,0.0,0.0,1.0,0.0,0.0,0.0,1185732.0,0.0,0.0,1.0,0.0,0.0,1.0,0.0,20.0,120
20.0,45.0,0.0,0.0,0.0,1.0,0.0,1.0,0.0,0.0,0.0,1185732.0,0.0,0.0,1.0,0.0,0.0,0.0,0.0,6.0,275
20.0,52.0,1.0,0.0,0.0,0.0,0.0,1.0,0.0,0.0,0.0,1185732.0,0.0,0.0,1.0,0.0,0.0,1.0,0.0,6.0,72
43.0,40.0,0.0,1.0,0.0,0.0,0.0,1.0,0.0,0.0,0.0,1185732.0,0.0,0.0,1.0,0.0,0.0,0.0,0.0,38.0,500
20.0,45.0,0.0,0.0,0.0,1.0,0.0,1.0,0.0,0.0,0.0,1185732.0,0.0,0.0,1.0,0.0,0.0,0.0,0.0,6.0,225
36.0,46.0,1.0,0.0,0.0,0.0,0.0,1.0,0.0,0.0,0.0,1185732.0,0.0,0.0,1.0,0.0,0.0,1.0,0.0,29.0,80
20.0,50.0,1.0,0.0,0.0,0.0,0.0,1.0,0.0,0.0,0.0,1185732.0,0.0,0.0,1.0,0.0,0.0,0.0,0.0,6.0,300
8.0,38.0,0.0,1.0,0.0,0.0,0.0,1.0,0.0,0.0,0.0,1185732.0,0.0,0.0,1.0,0.0,0.0,1.0,0.0,20.0,127
8.0,31.0,0.0,0.0,0.0,1.0,0.0,1.0,0.0,0.0,0.0,1185732.0,0.0,0.0,1.0,0.0,0.0,0.0,1.0,20.0,58
8.0,35.0,0.0,0.0,0.0,1.0,0.0,1.0,0.0,0.0,0.0,1185732.0,0.0,0.0,1.0,0.0,0.0,0.0,0.0,20.0,250
8.0,49.0,1.0,0.0,0.0,0.0,0.0,1.0,0.0,0.0,0.0,1185732.0,0.0,0.0,1.0,0.0,0.0,1.0,0.0,20.0,63
43.0,24.0,0.0,0.0,0.0,0.0,1.0,1.0,0.0,0.0,0.0,1185732.0,0.0,0.0,1.0,0.0,0.0,0.0,1.0,38.0,70
8.0,41.0,0.0,0.0,0.0,1.0,0.0,1.0,0.0,0.0,0.0,1185732.0,0.0,0.0,1.0,0.0,0.0,1.0,0.0,20.0,65
8.0,29.0,0.0,0.0,0.0,0.0,1.0,1.0,0.0,0.0,0.0,1185732.0,0.0,0.0,1.0,0.0,0.0,0.0,1.0,20.0,85
20.0,26.0,0.0,0.0,1.0,0.0,0.0,1.0,0.0,0.0,0.0,1185732.0,0.0,0.0,1.0,0.0,0.0,0.0,1.0,6.0,94
20.0,35.0,0.0,0.0,0.0,0.0,1.0,1.0,0.0,0.0,0.0,1185732.0,0.0,0.0,1.0,0.0,0.0,0.0,1.0,6.0,96
20.0,36.0,0.0,1.0,0.0,0.0,0.0,1.0,0.0,0.0,0.0,1185732.0,0.0,0.0,1.0,0.0,0.0,1.0,0.0,6.0,150
20.0,48.0,1.0,0.0,0.0,0.0,0.0,1.0,0.0,0.0,0.0,1185732.0,0.0,0.0,1.0,0.0,0.0,1.0,0.0,6.0,73
43.0,51.0,0.0,0.0,1.0,0.0,0.0,1.0,0.0,0.0,0.0,1185732.0,0.0,0.0,1.0,0.0,0.0,0.0,1.0,38.0,111
43.0,48.0,0.0,0.0,0.0,1.0,0.0,1.0,0.0,0.0,0.0,1185732.0,0.0,0.0,1.0,0.0,0.0,1.0,0.0,38.0,58
35.0,35.0,0.0,0.0,0.0,1.0,0.0,1.0,0.0,0.0,0.0,1197831.0,0.0,0.0,1.0,0.0,0.0,0.0,1.0,31.0,700
20.0,52.0,0.0,1.0,0.0,0.0,0.0,1.0,0.0,0.0,0.0,1185732.0,0.0,0.0,1.0,0.0,0.0,1.0,0.0,6.0,125
4.0,40.0,0.0,0.0,0.0,0.0,1.0,1.0,0.0,0.0,0.0,1185732.0,0.0,0.0,1.0,0.0,0.0,0.0,0.0,19.0,200
43.0,30.000000000000004,0.0,0.0,0.0,0.0,1.0,1.0,0.0,0.0,0.0,1185732.0,0.0,0.0,1.0,0.0,0.0,0.0,0.0,38.0,250
4.0,52.0,0.0,1.0,0.0,0.0,0.0,1.0,0.0,0.0,0.0,1185732.0,0.0,0.0,1.0,0.0,0.0,1.0,0.0,19.0,113
20.0,43.0,0.0,0.0,0.0,0.0,0.0,1.0,0.0,0.0,0.0,1185732.0,0.0,0.0,1.0,0.0,0.0,0.0,1.0,6.0,62
20.0,23.0,0.0,0.0,0.0,0.0,1.0,1.0,0.0,0.0,0.0,1185732.0,0.0,0.0,1.0,0.0,0.0,0.0,1.0,6.0,75
43.0,64.0,0.0,0.0,1.0,0.0,0.0,1.0,0.0,0.0,0.0,1185732.0,0.0,0.0,1.0,0.0,0.0,1.0,0.0,38.0,58
8.0,53.0,0.0,1.0,0.0,0.0,0.0,1.0,0.0,0.0,0.0,1185732.0,0.0,0.0,1.0,0.0,0.0,1.0,0.0,20.0,135
8.0,40.0,0.0,1.0,0.0,0.0,0.0,1.0,0.0,0.0,0.0,1185732.0,0.0,0.0,1.0,0.0,0.0,0.0,1.0,20.0,196
20.0,53.0,0.0,0.0,0.0,0.0,1.0,1.0,0.0,0.0,0.0,1185732.0,0.0,0.0,1.0,0.0,0.0,1.0,0.0,6.0,49
4.0,44.0,1.0,0.0,0.0,0.0,0.0,1.0,0.0,0.0,0.0,1185732.0,0.0,0.0,1.0,0.0,0.0,1.0,0.0,19.0,63
8.0,57.0,0.0,0.0,1.0,0.0,0.0,1.0,0.0,0.0,0.0,1185732.0,0.0,0.0,1.0,0.0,0.0,1.0,0.0,20.0,63
35.0,26.0,1.0,0.0,0.0,0.0,0.0,1.0,0.0,0.0,0.0,1197831.0,0.0,0.0,1.0,0.0,0.0,0.0,1.0,31.0,270
8.0,52.0,0.0,1.0,0.0,0.0,0.0,1.0,0.0,0.0,0.0,1185732.0,0.0,0.0,1.0,0.0,0.0,1.0,0.0,20.0,150
36.0,37.0,0.0,0.0,1.0,0.0,0.0,1.0,0.0,0.0,0.0,1185732.0,0.0,0.0,1.0,0.0,0.0,1.0,0.0,29.0,81
36.0,50.0,1.0,0.0,0.0,0.0,0.0,1.0,0.0,0.0,0.0,1185732.0,0.0,0.0,1.0,0.0,0.0,0.0,0.0,29.0,275
8.0,60.0,0.0,0.0,1.0,0.0,0.0,1.0,0.0,0.0,0.0,1185732.0,0.0,0.0,1.0,0.0,0.0,0.0,0.0,20.0,225
20.0,32.0,0.0,0.0,0.0,1.0,0.0,1.0,0.0,0.0,0.0,1185732.0,0.0,0.0,1.0,0.0,0.0,1.0,0.0,6.0,34
36.0,49.0,1.0,0.0,0.0,0.0,0.0,1.0,0.0,0.0,0.0,1185732.0,0.0,0.0,1.0,0.0,0.0,1.0,0.0,29.0,105
8.0,60.0,0.0,0.0,1.0,0.0,0.0,1.0,0.0,0.0,0.0,1185732.0,0.0,0.0,1.0,0.0,0.0,0.0,0.0,20.0,325
36.0,50.0,1.0,0.0,0.0,0.0,0.0,1.0,0.0,0.0,0.0,1185732.0,0.0,0.0,1.0,0.0,0.0,0.0,0.0,29.0,350
20.0,40.0,0.0,1.0,0.0,0.0,0.0,1.0,0.0,0.0,0.0,1185732.0,0.0,0.0,1.0,0.0,0.0,0.0,0.0,6.0,520
20.0,53.0,0.0,0.0,0.0,0.0,0.0,1.0,0.0,0.0,0.0,1185732.0,0.0,0.0,1.0,0.0,0.0,1.0,0.0,6.0,74
20.0,54.99999999999999,0.0,0.0,0.0,0.0,0.0,1.0,0.0,0.0,0.0,1185732.0,0.0,0.0,1.0,0.0,0.0,0.0,0.0,6.0,250
20.0,54.0,0.0,1.0,0.0,0.0,0.0,1.0,0.0,0.0,0.0,1185732.0,0.0,0.0,1.0,0.0,0.0,1.0,0.0,6.0,189
43.0,48.0,0.0,0.0,0.0,1.0,0.0,1.0,0.0,0.0,0.0,1185732.0,0.0,0.0,1.0,0.0,0.0,1.0,0.0,38.0,65
8.0,60.0,0.0,0.0,1.0,0.0,0.0,1.0,0.0,0.0,0.0,1185732.0,0.0,0.0,1.0,0.0,0.0,0.0,0.0,20.0,375
36.0,37.0,1.0,0.0,0.0,0.0,0.0,1.0,0.0,0.0,0.0,1185732.0,0.0,0.0,1.0,0.0,0.0,1.0,0.0,29.0,54
20.0,56.0,0.0,0.0,1.0,0.0,0.0,1.0,0.0,0.0,0.0,1185732.0,0.0,0.0,1.0,0.0,0.0,1.0,0.0,6.0,143
4.0,41.0,1.0,0.0,0.0,0.0,0.0,1.0,0.0,0.0,0.0,1185732.0,0.0,0.0,1.0,0.0,0.0,1.0,0.0,19.0,83
8.0,41.0,0.0,0.0,0.0,0.0,1.0,1.0,0.0,0.0,0.0,1185732.0,0.0,0.0,1.0,0.0,0.0,1.0,0.0,20.0,77
20.0,43.0,0.0,0.0,0.0,1.0,0.0,1.0,0.0,0.0,0.0,1185732.0,0.0,0.0,1.0,0.0,0.0,0.0,1.0,6.0,45
4.0,50.0,0.0,0.0,0.0,0.0,1.0,1.0,0.0,0.0,0.0,1185732.0,0.0,0.0,1.0,0.0,0.0,0.0,0.0,19.0,100
8.0,49.0,0.0,0.0,0.0,0.0,0.0,1.0,0.0,0.0,0.0,1185732.0,0.0,0.0,1.0,0.0,0.0,1.0,0.0,20.0,33
43.0,31.0,1.0,0.0,0.0,0.0,0.0,1.0,0.0,0.0,0.0,1185732.0,0.0,0.0,1.0,0.0,0.0,0.0,1.0,38.0,53
20.0,27.0,0.0,0.0,0.0,1.0,0.0,1.0,0.0,0.0,0.0,1185732.0,0.0,0.0,1.0,0.0,0.0,0.0,1.0,6.0,34
8.0,38.0,0.0,1.0,0.0,0.0,0.0,1.0,0.0,0.0,0.0,1185732.0,0.0,0.0,1.0,0.0,0.0,1.0,0.0,20.0,117
20.0,39.0,0.0,0.0,1.0,0.0,0.0,1.0,0.0,0.0,0.0,1185732.0,0.0,0.0,1.0,0.0,0.0,0.0,1.0,6.0,128
20.0,50.0,0.0,0.0,0.0,0.0,0.0,1.0,0.0,0.0,0.0,1185732.0,0.0,0.0,1.0,0.0,0.0,0.0,0.0,6.0,150
20.0,41.0,0.0,0.0,1.0,0.0,0.0,1.0,0.0,0.0,0.0,1185732.0,0.0,0.0,1.0,0.0,0.0,0.0,1.0,6.0,128
20.0,30.0,1.0,0.0,0.0,0.0,0.0,1.0,0.0,0.0,0.0,1185732.0,0.0,0.0,1.0,0.0,0.0,0.0,1.0,6.0,64
36.0,38.0,0.0,1.0,0.0,0.0,0.0,1.0,0.0,0.0,0.0,1185732.0,0.0,0.0,1.0,0.0,0.0,1.0,0.0,29.0,125
43.0,54.0,0.0,1.0,0.0,0.0,0.0,1.0,0.0,0.0,0.0,1185732.0,0.0,0.0,1.0,0.0,0.0,1.0,0.0,38.0,135
8.0,52.0,0.0,0.0,0.0,0.0,0.0,1.0,0.0,0.0,0.0,1185732.0,0.0,0.0,1.0,0.0,0.0,1.0,0.0,20.0,34
36.0,55.0,0.0,0.0,0.0,0.0,0.0,1.0,0.0,0.0,0.0,1185732.0,0.0,0.0,1.0,0.0,0.0,1.0,0.0,29.0,59
20.0,54.0,0.0,1.0,0.0,0.0,0.0,1.0,0.0,0.0,0.0,1185732.0,0.0,0.0,1.0,0.0,0.0,1.0,0.0,6.0,142
20.0,45.0,0.0,0.0,0.0,0.0,1.0,1.0,0.0,0.0,0.0,1185732.0,0.0,0.0,1.0,0.0,0.0,0.0,0.0,6.0,325
20.0,40.0,0.0,0.0,1.0,0.0,0.0,1.0,0.0,0.0,0.0,1185732.0,0.0,0.0,1.0,0.0,0.0,0.0,0.0,6.0,250
20.0,35.0,0.0,0.0,0.0,1.0,0.0,1.0,0.0,0.0,0.0,1185732.0,0.0,0.0,1.0,0.0,0.0,0.0,0.0,6.0,100
43.0,26.0,0.0,1.0,0.0,0.0,0.0,1.0,0.0,0.0,0.0,1185732.0,0.0,0.0,1.0,0.0,0.0,0.0,1.0,38.0,155
20.0,43.0,0.0,1.0,0.0,0.0,0.0,1.0,0.0,0.0,0.0,1185732.0,0.0,0.0,1.0,0.0,0.0,0.0,1.0,6.0,170
35.0,20.0,0.0,1.0,0.0,0.0,0.0,1.0,0.0,0.0,0.0,1197831.0,0.0,0.0,1.0,0.0,0.0,0.0,1.0,31.0,270
43.0,46.0,0.0,0.0,1.0,0.0,0.0,1.0,0.0,0.0,0.0,1185732.0,0.0,0.0,1.0,0.0,0.0,0.0,1.0,38.0,83
20.0,54.99999999999999,0.0,1.0,0.0,0.0,0.0,1.0,0.0,0.0,0.0,1185732.0,0.0,0.0,1.0,0.0,0.0,0.0,0.0,6.0,500
20.0,43.0,0.0,0.0,0.0,0.0,0.0,1.0,0.0,0.0,0.0,1185732.0,0.0,0.0,1.0,0.0,0.0,0.0,1.0,6.0,93
20.0,53.0,0.0,0.0,0.0,0.0,0.0,1.0,0.0,0.0,0.0,1185732.0,0.0,0.0,1.0,0.0,0.0,1.0,0.0,6.0,81
8.0,36.0,0.0,0.0,0.0,0.0,1.0,1.0,0.0,0.0,0.0,1185732.0,0.0,0.0,1.0,0.0,0.0,0.0,1.0,20.0,75
8.0,40.0,1.0,0.0,0.0,0.0,0.0,1.0,0.0,0.0,0.0,1185732.0,0.0,0.0,1.0,0.0,0.0,0.0,0.0,20.0,175
36.0,50.0,0.0,0.0,0.0,1.0,0.0,1.0,0.0,0.0,0.0,1185732.0,0.0,0.0,1.0,0.0,0.0,0.0,0.0,29.0,250
20.0,40.0,1.0,0.0,0.0,0.0,0.0,1.0,0.0,0.0,0.0,1185732.0,0.0,0.0,1.0,0.0,0.0,0.0,0.0,6.0,200
43.0,46.0,1.0,0.0,0.0,0.0,0.0,1.0,0.0,0.0,0.0,1185732.0,0.0,0.0,1.0,0.0,0.0,1.0,0.0,38.0,63
20.0,35.0,1.0,0.0,0.0,0.0,0.0,1.0,0.0,0.0,0.0,1185732.0,0.0,0.0,1.0,0.0,0.0,0.0,1.0,6.0,83
4.0,45.0,1.0,0.0,0.0,0.0,0.0,1.0,0.0,0.0,0.0,1185732.0,0.0,0.0,1.0,0.0,0.0,0.0,0.0,19.0,225
20.0,48.0,1.0,0.0,0.0,0.0,0.0,1.0,0.0,0.0,0.0,1185732.0,0.0,0.0,1.0,0.0,0.0,1.0,0.0,6.0,94
20.0,60.0,0.0,0.0,1.0,0.0,0.0,1.0,0.0,0.0,0.0,1185732.0,0.0,0.0,1.0,0.0,0.0,0.0,0.0,6.0,475
20.0,39.0,0.0,1.0,0.0,0.0,0.0,1.0,0.0,0.0,0.0,1185732.0,0.0,0.0,1.0,0.0,0.0,1.0,0.0,6.0,130
43.0,45.0,1.0,0.0,0.0,0.0,0.0,1.0,0.0,0.0,0.0,1185732.0,0.0,0.0,1.0,0.0,0.0,1.0,0.0,38.0,78
8.0,39.0,0.0,0.0,0.0,0.0,0.0,1.0,0.0,0.0,0.0,1185732.0,0.0,0.0,1.0,0.0,0.0,0.0,1.0,20.0,60
43.0,50.0,1.0,0.0,0.0,0.0,0.0,1.0,0.0,0.0,0.0,1185732.0,0.0,0.0,1.0,0.0,0.0,0.0,0.0,38.0,225
4.0,40.0,0.0,0.0,0.0,1.0,0.0,1.0,0.0,0.0,0.0,1185732.0,0.0,0.0,1.0,0.0,0.0,0.0,0.0,19.0,150
20.0,40.0,1.0,0.0,0.0,0.0,0.0,1.0,0.0,0.0,0.0,1185732.0,0.0,0.0,1.0,0.0,0.0,0.0,1.0,6.0,93
4.0,48.0,1.0,0.0,0.0,0.0,0.0,1.0,0.0,0.0,0.0,1185732.0,0.0,0.0,1.0,0.0,0.0,1.0,0.0,19.0,58
8.0,33.0,1.0,0.0,0.0,0.0,0.0,1.0,0.0,0.0,0.0,1185732.0,0.0,0.0,1.0,0.0,0.0,0.0,1.0,20.0,112
36.0,33.0,0.0,0.0,0.0,1.0,0.0,1.0,0.0,0.0,0.0,1185732.0,0.0,0.0,1.0,0.0,0.0,1.0,0.0,29.0,42
36.0,47.0,0.0,0.0,0.0,1.0,0.0,1.0,0.0,0.0,0.0,1185732.0,0.0,0.0,1.0,0.0,0.0,1.0,0.0,29.0,83
20.0,38.0,1.0,0.0,0.0,0.0,0.0,1.0,0.0,0.0,0.0,1185732.0,0.0,0.0,1.0,0.0,0.0,1.0,0.0,6.0,56
8.0,40.0,0.0,0.0,1.0,0.0,0.0,1.0,0.0,0.0,0.0,1185732.0,0.0,0.0,1.0,0.0,0.0,0.0,0.0,20.0,275
43.0,28.0,0.0,1.0,0.0,0.0,0.0,1.0,0.0,0.0,0.0,1185732.0,0.0,0.0,1.0,0.0,0.0,0.0,1.0,38.0,140
20.0,45.0,0.0,0.0,0.0,0.0,1.0,1.0,0.0,0.0,0.0,1185732.0,0.0,0.0,1.0,0.0,0.0,0.0,0.0,6.0,325
8.0,30.0,0.0,0.0,0.0,0.0,1.0,1.0,0.0,0.0,0.0,1185732.0,0.0,0.0,1.0,0.0,0.0,0.0,1.0,20.0,47
20.0,40.0,0.0,0.0,1.0,0.0,0.0,1.0,0.0,0.0,0.0,1185732.0,0.0,0.0,1.0,0.0,0.0,0.0,1.0,6.0,152
8.0,37.0,0.0,1.0,0.0,0.0,0.0,1.0,0.0,0.0,0.0,1185732.0,0.0,0.0,1.0,0.0,0.0,0.0,1.0,20.0,180
8.0,34.0,0.0,0.0,0.0,1.0,0.0,1.0,0.0,0.0,0.0,1185732.0,0.0,0.0,1.0,0.0,0.0,1.0,0.0,20.0,87
20.0,34.0,1.0,0.0,0.0,0.0,0.0,1.0,0.0,0.0,0.0,1185732.0,0.0,0.0,1.0,0.0,0.0,0.0,1.0,6.0,128
4.0,53.0,0.0,0.0,1.0,0.0,0.0,1.0,0.0,0.0,0.0,1185732.0,0.0,0.0,1.0,0.0,0.0,1.0,0.0,19.0,81
20.0,47.0,1.0,0.0,0.0,0.0,0.0,1.0,0.0,0.0,0.0,1185732.0,0.0,0.0,1.0,0.0,0.0,1.0,0.0,6.0,75
20.0,40.0,0.0,0.0,1.0,0.0,0.0,1.0,0.0,0.0,0.0,1185732.0,0.0,0.0,1.0,0.0,0.0,0.0,0.0,6.0,300
8.0,45.0,0.0,0.0,0.0,1.0,0.0,1.0,0.0,0.0,0.0,1185732.0,0.0,0.0,1.0,0.0,0.0,0.0,0.0,20.0,175
4.0,49.99999999999999,0.0,0.0,0.0,0.0,0.0,1.0,0.0,0.0,0.0,1185732.0,0.0,0.0,1.0,0.0,0.0,0.0,0.0,19.0,125
8.0,38.0,0.0,0.0,1.0,0.0,0.0,1.0,0.0,0.0,0.0,1185732.0,0.0,0.0,1.0,0.0,0.0,1.0,0.0,20.0,75
4.0,49.0,0.0,1.0,0.0,0.0,0.0,1.0,0.0,0.0,0.0,1185732.0,0.0,0.0,1.0,0.0,0.0,1.0,0.0,19.0,128
36.0,59.0,0.0,1.0,0.0,0.0,0.0,1.0,0.0,0.0,0.0,1185732.0,0.0,0.0,1.0,0.0,0.0,1.0,0.0,29.0,108
20.0,54.99999999999999,0.0,1.0,0.0,0.0,0.0,1.0,0.0,0.0,0.0,1185732.0,0.0,0.0,1.0,0.0,0.0,0.0,0.0,6.0,650
8.0,50.0,0.0,0.0,0.0,0.0,0.0,1.0,0.0,0.0,0.0,1185732.0,0.0,0.0,1.0,0.0,0.0,0.0,0.0,20.0,125
36.0,39.0,0.0,1.0,0.0,0.0,0.0,1.0,0.0,0.0,0.0,1185732.0,0.0,0.0,1.0,0.0,0.0,1.0,0.0,29.0,149
8.0,45.0,0.0,0.0,0.0,1.0,0.0,1.0,0.0,0.0,0.0,1185732.0,0.0,0.0,1.0,0.0,0.0,0.0,0.0,20.0,125
43.0,60.0,0.0,1.0,0.0,0.0,0.0,1.0,0.0,0.0,0.0,1185732.0,0.0,0.0,1.0,0.0,0.0,0.0,0.0,38.0,500
43.0,39.0,0.0,0.0,0.0,0.0,0.0,1.0,0.0,0.0,0.0,1185732.0,0.0,0.0,1.0,0.0,0.0,0.0,1.0,38.0,47
20.0,41.0,0.0,0.0,0.0,0.0,1.0,1.0,0.0,0.0,0.0,1185732.0,0.0,0.0,1.0,0.0,0.0,1.0,0.0,6.0,60
36.0,48.0,0.0,0.0,0.0,0.0,1.0,1.0,0.0,0.0,0.0,1185732.0,0.0,0.0,1.0,0.0,0.0,1.0,0.0,29.0,68
20.0,55.00000000000001,0.0,0.0,0.0,0.0,1.0,1.0,0.0,0.0,0.0,1185732.0,0.0,0.0,1.0,0.0,0.0,0.0,0.0,6.0,175
8.0,23.0,0.0,0.0,0.0,1.0,0.0,1.0,0.0,0.0,0.0,1185732.0,0.0,0.0,1.0,0.0,0.0,0.0,1.0,20.0,39
8.0,50.0,0.0,0.0,0.0,0.0,0.0,1.0,0.0,0.0,0.0,1185732.0,0.0,0.0,1.0,0.0,0.0,1.0,0.0,20.0,54
20.0,64.0,0.0,0.0,0.0,0.0,0.0,1.0,0.0,0.0,0.0,1185732.0,0.0,0.0,1.0,0.0,0.0,1.0,0.0,6.0,42
8.0,42.0,0.0,0.0,0.0,0.0,1.0,1.0,0.0,0.0,0.0,1185732.0,0.0,0.0,1.0,0.0,0.0,1.0,0.0,20.0,69
43.0,47.0,0.0,0.0,1.0,0.0,0.0,1.0,0.0,0.0,0.0,1185732.0,0.0,0.0,1.0,0.0,0.0,0.0,1.0,38.0,66
8.0,36.0,1.0,0.0,0.0,0.0,0.0,1.0,0.0,0.0,0.0,1185732.0,0.0,0.0,1.0,0.0,0.0,0.0,1.0,20.0,114
20.0,40.0,0.0,0.0,1.0,0.0,0.0,1.0,0.0,0.0,0.0,1185732.0,0.0,0.0,1.0,0.0,0.0,0.0,0.0,6.0,275
20.0,54.99999999999999,0.0,0.0,0.0,0.0,0.0,1.0,0.0,0.0,0.0,1185732.0,0.0,0.0,1.0,0.0,0.0,0.0,0.0,6.0,275
36.0,50.0,0.0,0.0,0.0,0.0,1.0,1.0,0.0,0.0,0.0,1185732.0,0.0,0.0,1.0,0.0,0.0,0.0,0.0,29.0,325
8.0,23.0,0.0,0.0,0.0,0.0,1.0,1.0,0.0,0.0,0.0,1185732.0,0.0,0.0,1.0,0.0,0.0,0.0,1.0,20.0,60
43.0,64.99999999999999,0.0,0.0,1.0,0.0,0.0,1.0,0.0,0.0,0.0,1185732.0,0.0,0.0,1.0,0.0,0.0,0.0,0.0,38.0,200
8.0,41.0,0.0,0.0,0.0,0.0,0.0,1.0,0.0,0.0,0.0,1185732.0,0.0,0.0,1.0,0.0,0.0,0.0,1.0,20.0,80
8.0,47.0,1.0,0.0,0.0,0.0,0.0,1.0,0.0,0.0,0.0,1185732.0,0.0,0.0,1.0,0.0,0.0,1.0,0.0,20.0,94
20.0,32.0,0.0,0.0,0.0,1.0,0.0,1.0,0.0,0.0,0.0,1185732.0,0.0,0.0,1.0,0.0,0.0,1.0,0.0,6.0,38
20.0,54.99999999999999,0.0,0.0,0.0,0.0,0.0,1.0,0.0,0.0,0.0,1185732.0,0.0,0.0,1.0,0.0,0.0,0.0,0.0,6.0,200
20.0,50.0,0.0,0.0,0.0,0.0,0.0,1.0,0.0,0.0,0.0,1185732.0,0.0,0.0,1.0,0.0,0.0,0.0,1.0,6.0,45
20.0,20.0,0.0,0.0,0.0,0.0,1.0,1.0,0.0,0.0,0.0,1185732.0,0.0,0.0,1.0,0.0,0.0,0.0,1.0,6.0,64
20.0,60.0,0.0,0.0,1.0,0.0,0.0,1.0,0.0,0.0,0.0,1185732.0,0.0,0.0,1.0,0.0,0.0,0.0,0.0,6.0,375
4.0,38.0,0.0,0.0,0.0,0.0,1.0,1.0,0.0,0.0,0.0,1185732.0,0.0,0.0,1.0,0.0,0.0,1.0,0.0,19.0,36
36.0,40.0,0.0,1.0,0.0,0.0,0.0,1.0,0.0,0.0,0.0,1185732.0,0.0,0.0,1.0,0.0,0.0,0.0,0.0,29.0,500
8.0,54.0,0.0,0.0,1.0,0.0,0.0,1.0,0.0,0.0,0.0,1185732.0,0.0,0.0,1.0,0.0,0.0,1.0,0.0,20.0,101
8.0,47.0,1.0,0.0,0.0,0.0,0.0,1.0,0.0,0.0,0.0,1185732.0,0.0,0.0,1.0,0.0,0.0,1.0,0.0,20.0,54
20.0,26.0,0.0,0.0,0.0,1.0,0.0,1.0,0.0,0.0,0.0,1185732.0,0.0,0.0,1.0,0.0,0.0,0.0,1.0,6.0,41
8.0,41.0,0.0,0.0,0.0,0.0,1.0,1.0,0.0,0.0,0.0,1185732.0,0.0,0.0,1.0,0.0,0.0,1.0,0.0,20.0,39
8.0,45.0,0.0,0.0,0.0,1.0,0.0,1.0,0.0,0.0,0.0,1185732.0,0.0,0.0,1.0,0.0,0.0,0.0,0.0,20.0,225
35.0,27.0,0.0,0.0,0.0,1.0,0.0,1.0,0.0,0.0,0.0,1197831.0,0.0,0.0,1.0,0.0,0.0,0.0,1.0,31.0,210
43.0,50.0,0.0,0.0,0.0,1.0,0.0,1.0,0.0,0.0,0.0,1185732.0,0.0,0.0,1.0,0.0,0.0,0.0,0.0,38.0,200
20.0,41.0,0.0,0.0,0.0,0.0,1.0,1.0,0.0,0.0,0.0,1185732.0,0.0,0.0,1.0,0.0,0.0,1.0,0.0,6.0,85
20.0,49.0,0.0,0.0,0.0,0.0,0.0,1.0,0.0,0.0,0.0,1185732.0,0.0,0.0,1.0,0.0,0.0,1.0,0.0,6.0,60
4.0,47.0,0.0,0.0,0.0,0.0,0.0,1.0,0.0,0.0,0.0,1185732.0,0.0,0.0,1.0,0.0,0.0,1.0,0.0,19.0,38
36.0,59.0,0.0,0.0,1.0,0.0,0.0,1.0,0.0,0.0,0.0,1185732.0,0.0,0.0,1.0,0.0,0.0,1.0,0.0,29.0,101
36.0,29.0,0.0,0.0,0.0,0.0,1.0,1.0,0.0,0.0,0.0,1185732.0,0.0,0.0,1.0,0.0,0.0,1.0,0.0,29.0,65
8.0,28.0,1.0,0.0,0.0,0.0,0.0,1.0,0.0,0.0,0.0,1185732.0,0.0,0.0,1.0,0.0,0.0,0.0,1.0,20.0,51
8.0,55.00000000000001,0.0,0.0,0.0,0.0,1.0,1.0,0.0,0.0,0.0,1185732.0,0.0,0.0,1.0,0.0,0.0,0.0,0.0,20.0,125
4.0,49.99999999999999,0.0,1.0,0.0,0.0,0.0,1.0,0.0,0.0,0.0,1185732.0,0.0,0.0,1.0,0.0,0.0,0.0,0.0,19.0,425
8.0,31.0,0.0,0.0,1.0,0.0,0.0,1.0,0.0,0.0,0.0,1185732.0,0.0,0.0,1.0,0.0,0.0,0.0,1.0,20.0,68
35.0,34.0,0.0,0.0,0.0,1.0,0.0,1.0,0.0,0.0,0.0,1197831.0,0.0,0.0,1.0,0.0,0.0,1.0,0.0,31.0,175
20.0,41.0,0.0,0.0,0.0,1.0,0.0,1.0,0.0,0.0,0.0,1185732.0,0.0,0.0,1.0,0.0,0.0,1.0,0.0,6.0,68
20.0,60.0,0.0,0.0,1.0,0.0,0.0,1.0,0.0,0.0,0.0,1185732.0,0.0,0.0,1.0,0.0,0.0,0.0,0.0,6.0,425
8.0,28.0,0.0,1.0,0.0,0.0,0.0,1.0,0.0,0.0,0.0,1185732.0,0.0,0.0,1.0,0.0,0.0,0.0,1.0,20.0,149
8.0,47.0,1.0,0.0,0.0,0.0,0.0,1.0,0.0,0.0,0.0,1185732.0,0.0,0.0,1.0,0.0,0.0,1.0,0.0,20.0,88
8.0,53.0,0.0,0.0,0.0,0.0,0.0,1.0,0.0,0.0,0.0,1185732.0,0.0,0.0,1.0,0.0,0.0,1.0,0.0,20.0,68
36.0,28.0,0.0,0.0,0.0,0.0,1.0,1.0,0.0,0.0,0.0,1185732.0,0.0,0.0,1.0,0.0,0.0,1.0,0.0,29.0,90
20.0,41.0,0.0,0.0,0.0,0.0,0.0,1.0,0.0,0.0,0.0,1185732.0,0.0,0.0,1.0,0.0,0.0,0.0,1.0,6.0,58
20.0,41.0,0.0,0.0,0.0,1.0,0.0,1.0,0.0,0.0,0.0,1185732.0,0.0,0.0,1.0,0.0,0.0,1.0,0.0,6.0,46
20.0,44.0,0.0,0.0,1.0,0.0,0.0,1.0,0.0,0.0,0.0,1185732.0,0.0,0.0,1.0,0.0,0.0,0.0,1.0,6.0,124
8.0,55.0,0.0,0.0,1.0,0.0,0.0,1.0,0.0,0.0,0.0,1185732.0,0.0,0.0,1.0,0.0,0.0,1.0,0.0,20.0,128
8.0,54.99999999999999,0.0,0.0,0.0,0.0,0.0,1.0,0.0,0.0,0.0,1185732.0,0.0,0.0,1.0,0.0,0.0,0.0,0.0,20.0,225
20.0,50.0,0.0,0.0,0.0,0.0,0.0,1.0,0.0,0.0,0.0,1185732.0,0.0,0.0,1.0,0.0,0.0,1.0,0.0,6.0,70
43.0,40.0,1.0,0.0,0.0,0.0,0.0,1.0,0.0,0.0,0.0,1185732.0,0.0,0.0,1.0,0.0,0.0,0.0,0.0,38.0,250
20.0,55.00000000000001,0.0,0.0,0.0,1.0,0.0,1.0,0.0,0.0,0.0,1185732.0,0.0,0.0,1.0,0.0,0.0,0.0,0.0,6.0,150
20.0,50.0,0.0,0.0,0.0,0.0,0.0,1.0,0.0,0.0,0.0,1185732.0,0.0,0.0,1.0,0.0,0.0,0.0,0.0,6.0,125
8.0,34.0,0.0,0.0,0.0,1.0,0.0,1.0,0.0,0.0,0.0,1185732.0,0.0,0.0,1.0,0.0,0.0,0.0,1.0,20.0,72
43.0,58.0,0.0,0.0,0.0,0.0,0.0,1.0,0.0,0.0,0.0,1185732.0,0.0,0.0,1.0,0.0,0.0,1.0,0.0,38.0,44
8.0,50.0,1.0,0.0,0.0,0.0,0.0,1.0,0.0,0.0,0.0,1185732.0,0.0,0.0,1.0,0.0,0.0,0.0,0.0,20.0,325
8.0,36.0,1.0,0.0,0.0,0.0,0.0,1.0,0.0,0.0,0.0,1185732.0,0.0,0.0,1.0,0.0,0.0,0.0,1.0,20.0,105
20.0,37.0,0.0,0.0,0.0,0.0,0.0,1.0,0.0,0.0,0.0,1185732.0,0.0,0.0,1.0,0.0,0.0,0.0,1.0,6.0,40
36.0,40.0,0.0,0.0,1.0,0.0,0.0,1.0,0.0,0.0,0.0,1185732.0,0.0,0.0,1.0,0.0,0.0,0.0,0.0,29.0,300
8.0,45.0,0.0,0.0,0.0,0.0,1.0,1.0,0.0,0.0,0.0,1185732.0,0.0,0.0,1.0,0.0,0.0,0.0,0.0,20.0,150
36.0,37.0,1.0,0.0,0.0,0.0,0.0,1.0,0.0,0.0,0.0,1185732.0,0.0,0.0,1.0,0.0,0.0,1.0,0.0,29.0,87
36.0,60.0,0.0,0.0,0.0,0.0,0.0,1.0,0.0,0.0,0.0,1185732.0,0.0,0.0,1.0,0.0,0.0,0.0,0.0,29.0,225
8.0,45.0,0.0,0.0,0.0,1.0,0.0,1.0,0.0,0.0,0.0,1185732.0,0.0,0.0,1.0,0.0,0.0,0.0,0.0,20.0,225
8.0,35.0,0.0,0.0,0.0,1.0,0.0,1.0,0.0,0.0,0.0,1185732.0,0.0,0.0,1.0,0.0,0.0,0.0,0.0,20.0,125
8.0,40.0,0.0,0.0,1.0,0.0,0.0,1.0,0.0,0.0,0.0,1185732.0,0.0,0.0,1.0,0.0,0.0,0.0,0.0,20.0,250
43.0,50.0,0.0,0.0,0.0,0.0,0.0,1.0,0.0,0.0,0.0,1185732.0,0.0,0.0,1.0,0.0,0.0,0.0,0.0,38.0,150
36.0,55.0,0.0,1.0,0.0,0.0,0.0,1.0,0.0,0.0,0.0,1185732.0,0.0,0.0,1.0,0.0,0.0,1.0,0.0,29.0,149
8.0,45.0,0.0,0.0,0.0,0.0,1.0,1.0,0.0,0.0,0.0,1185732.0,0.0,0.0,1.0,0.0,0.0,0.0,0.0,20.0,275
20.0,59.0,0.0,1.0,0.0,0.0,0.0,1.0,0.0,0.0,0.0,1185732.0,0.0,0.0,1.0,0.0,0.0,1.0,0.0,6.0,113
20.0,45.0,0.0,0.0,0.0,0.0,1.0,1.0,0.0,0.0,0.0,1185732.0,0.0,0.0,1.0,0.0,0.0,0.0,0.0,6.0,300
8.0,41.0,0.0,0.0,1.0,0.0,0.0,1.0,0.0,0.0,0.0,1185732.0,0.0,0.0,1.0,0.0,0.0,0.0,1.0,20.0,132
8.0,40.0,0.0,0.0,1.0,0.0,0.0,1.0,0.0,0.0,0.0,1185732.0,0.0,0.0,1.0,0.0,0.0,0.0,0.0,20.0,200
36.0,49.0,0.0,0.0,0.0,0.0,0.0,1.0,0.0,0.0,0.0,1185732.0,0.0,0.0,1.0,0.0,0.0,1.0,0.0,29.0,60
8.0,39.0,0.0,1.0,0.0,0.0,0.0,1.0,0.0,0.0,0.0,1185732.0,0.0,0.0,1.0,0.0,0.0,0.0,1.0,20.0,196
43.0,37.0,0.0,0.0,0.0,0.0,1.0,1.0,0.0,0.0,0.0,1185732.0,0.0,0.0,1.0,0.0,0.0,0.0,1.0,38.0,68
43.0,40.0,0.0,1.0,0.0,0.0,0.0,1.0,0.0,0.0,0.0,1185732.0,0.0,0.0,1.0,0.0,0.0,0.0,0.0,38.0,450
4.0,40.0,0.0,0.0,0.0,1.0,0.0,1.0,0.0,0.0,0.0,1185732.0,0.0,0.0,1.0,0.0,0.0,0.0,0.0,19.0,100
8.0,37.0,1.0,0.0,0.0,0.0,0.0,1.0,0.0,0.0,0.0,1185732.0,0.0,0.0,1.0,0.0,0.0,0.0,1.0,20.0,68
8.0,37.0,1.0,0.0,0.0,0.0,0.0,1.0,0.0,0.0,0.0,1185732.0,0.0,0.0,1.0,0.0,0.0,1.0,0.0,20.0,45
8.0,34.0,0.0,0.0,0.0,1.0,0.0,1.0,0.0,0.0,0.0,1185732.0,0.0,0.0,1.0,0.0,0.0,0.0,1.0,20.0,39
43.0,48.0,0.0,1.0,0.0,0.0,0.0,1.0,0.0,0.0,0.0,1185732.0,0.0,0.0,1.0,0.0,0.0,0.0,1.0,38.0,160
4.0,42.0,1.0,0.0,0.0,0.0,0.0,1.0,0.0,0.0,0.0,1185732.0,0.0,0.0,1.0,0.0,0.0,1.0,0.0,19.0,72
20.0,29.0,0.0,0.0,0.0,0.0,1.0,1.0,0.0,0.0,0.0,1185732.0,0.0,0.0,1.0,0.0,0.0,0.0,1.0,6.0,111
20.0,50.0,1.0,0.0,0.0,0.0,0.0,1.0,0.0,0.0,0.0,1185732.0,0.0,0.0,1.0,0.0,0.0,0.0,0.0,6.0,400
8.0,34.0,1.0,0.0,0.0,0.0,0.0,1.0,0.0,0.0,0.0,1185732.0,0.0,0.0,1.0,0.0,0.0,0.0,1.0,20.0,68
20.0,39.0,1.0,0.0,0.0,0.0,0.0,1.0,0.0,0.0,0.0,1185732.0,0.0,0.0,1.0,0.0,0.0,0.0,1.0,6.0,94
36.0,30.000000000000004,0.0,0.0,0.0,0.0,1.0,1.0,0.0,0.0,0.0,1185732.0,0.0,0.0,1.0,0.0,0.0,0.0,0.0,29.0,300
4.0,45.0,1.0,0.0,0.0,0.0,0.0,1.0,0.0,0.0,0.0,1185732.0,0.0,0.0,1.0,0.0,0.0,0.0,0.0,19.0,275
20.0,40.0,0.0,1.0,0.0,0.0,0.0,1.0,0.0,0.0,0.0,1185732.0,0.0,0.0,1.0,0.0,0.0,0.0,1.0,6.0,194
8.0,54.99999999999999,0.0,0.0,0.0,0.0,0.0,1.0,0.0,0.0,0.0,1185732.0,0.0,0.0,1.0,0.0,0.0,0.0,0.0,20.0,200
36.0,60.0,0.0,0.0,0.0,0.0,0.0,1.0,0.0,0.0,0.0,1185732.0,0.0,0.0,1.0,0.0,0.0,0.0,0.0,29.0,275
8.0,39.0,0.0,0.0,1.0,0.0,0.0,1.0,0.0,0.0,0.0,1185732.0,0.0,0.0,1.0,0.0,0.0,1.0,0.0,20.0,83
8.0,49.0,1.0,0.0,0.0,0.0,0.0,1.0,0.0,0.0,0.0,1185732.0,0.0,0.0,1.0,0.0,0.0,1.0,0.0,20.0,105
20.0,56.0,0.0,0.0,1.0,0.0,0.0,1.0,0.0,0.0,0.0,1185732.0,0.0,0.0,1.0,0.0,0.0,1.0,0.0,6.0,123
8.0,40.0,0.0,1.0,0.0,0.0,0.0,1.0,0.0,0.0,0.0,1185732.0,0.0,0.0,1.0,0.0,0.0,0.0,0.0,20.0,450
8.0,41.0,0.0,1.0,0.0,0.0,0.0,1.0,0.0,0.0,0.0,1185732.0,0.0,0.0,1.0,0.0,0.0,0.0,1.0,20.0,173
36.0,64.99999999999999,0.0,0.0,1.0,0.0,0.0,1.0,0.0,0.0,0.0,1185732.0,0.0,0.0,1.0,0.0,0.0,0.0,0.0,29.0,375
43.0,27.0,0.0,0.0,0.0,0.0,1.0,1.0,0.0,0.0,0.0,1185732.0,0.0,0.0,1.0,0.0,0.0,1.0,0.0,38.0,73
8.0,45.0,0.0,0.0,0.0,0.0,1.0,1.0,0.0,0.0,0.0,1185732.0,0.0,0.0,1.0,0.0,0.0,0.0,0.0,20.0,275
36.0,40.0,1.0,0.0,0.0,0.0,0.0,1.0,0.0,0.0,0.0,1185732.0,0.0,0.0,1.0,0.0,0.0,0.0,0.0,29.0,300
8.0,50.0,1.0,0.0,0.0,0.0,0.0,1.0,0.0,0.0,0.0,1185732.0,0.0,0.0,1.0,0.0,0.0,0.0,0.0,20.0,200
20.0,45.0,0.0,0.0,0.0,0.0,1.0,1.0,0.0,0.0,0.0,1185732.0,0.0,0.0,1.0,0.0,0.0,0.0,0.0,6.0,200
43.0,50.0,0.0,0.0,0.0,1.0,0.0,1.0,0.0,0.0,0.0,1185732.0,0.0,0.0,1.0,0.0,0.0,0.0,0.0,38.0,225
4.0,36.0,0.0,0.0,0.0,1.0,0.0,1.0,0.0,0.0,0.0,1185732.0,0.0,0.0,1.0,0.0,0.0,1.0,0.0,19.0,25
43.0,47.0,0.0,0.0,0.0,0.0,1.0,1.0,0.0,0.0,0.0,1185732.0,0.0,0.0,1.0,0.0,0.0,1.0,0.0,38.0,74
8.0,40.0,0.0,1.0,0.0,0.0,0.0,1.0,0.0,0.0,0.0,1185732.0,0.0,0.0,1.0,0.0,0.0,0.0,0.0,20.0,470
20.0,42.0,0.0,0.0,0.0,1.0,0.0,1.0,0.0,0.0,0.0,1185732.0,0.0,0.0,1.0,0.0,0.0,1.0,0.0,6.0,80
8.0,32.0,0.0,0.0,0.0,1.0,0.0,1.0,0.0,0.0,0.0,1185732.0,0.0,0.0,1.0,0.0,0.0,0.0,1.0,20.0,54
4.0,45.0,1.0,0.0,0.0,0.0,0.0,1.0,0.0,0.0,0.0,1185732.0,0.0,0.0,1.0,0.0,0.0,0.0,0.0,19.0,275
36.0,50.0,0.0,0.0,0.0,0.0,1.0,1.0,0.0,0.0,0.0,1185732.0,0.0,0.0,1.0,0.0,0.0,0.0,0.0,29.0,270
20.0,55.00000000000001,1.0,0.0,0.0,0.0,0.0,1.0,0.0,0.0,0.0,1185732.0,0.0,0.0,1.0,0.0,0.0,0.0,0.0,6.0,275
43.0,48.0,0.0,0.0,0.0,0.0,0.0,1.0,0.0,0.0,0.0,1185732.0,0.0,0.0,1.0,0.0,0.0,1.0,0.0,38.0,41
20.0,28.0,0.0,1.0,0.0,0.0,0.0,1.0,0.0,0.0,0.0,1185732.0,0.0,0.0,1.0,0.0,0.0,0.0,1.0,6.0,155
20.0,60.0,0.0,0.0,1.0,0.0,0.0,1.0,0.0,0.0,0.0,1185732.0,0.0,0.0,1.0,0.0,0.0,0.0,0.0,6.0,375
8.0,54.99999999999999,0.0,0.0,0.0,0.0,0.0,1.0,0.0,0.0,0.0,1185732.0,0.0,0.0,1.0,0.0,0.0,0.0,0.0,20.0,150
20.0,39.0,0.0,0.0,0.0,0.0,0.0,1.0,0.0,0.0,0.0,1185732.0,0.0,0.0,1.0,0.0,0.0,0.0,1.0,6.0,53
20.0,46.0,0.0,1.0,0.0,0.0,0.0,1.0,0.0,0.0,0.0,1185732.0,0.0,0.0,1.0,0.0,0.0,0.0,1.0,6.0,153
20.0,43.0,0.0,0.0,0.0,0.0,1.0,1.0,0.0,0.0,0.0,1185732.0,0.0,0.0,1.0,0.0,0.0,1.0,0.0,6.0,74
20.0,37.0,0.0,0.0,0.0,0.0,0.0,1.0,0.0,0.0,0.0,1185732.0,0.0,0.0,1.0,0.0,0.0,0.0,1.0,6.0,83
20.0,50.0,0.0,1.0,0.0,0.0,0.0,1.0,0.0,0.0,0.0,1185732.0,0.0,0.0,1.0,0.0,0.0,1.0,0.0,6.0,175
8.0,54.99999999999999,0.0,0.0,0.0,0.0,0.0,1.0,0.0,0.0,0.0,1185732.0,0.0,0.0,1.0,0.0,0.0,0.0,0.0,20.0,250
20.0,44.0,0.0,0.0,0.0,1.0,0.0,1.0,0.0,0.0,0.0,1185732.0,0.0,0.0,1.0,0.0,0.0,1.0,0.0,6.0,63
43.0,38.0,0.0,0.0,1.0,0.0,0.0,1.0,0.0,0.0,0.0,1185732.0,0.0,0.0,1.0,0.0,0.0,1.0,0.0,38.0,70
36.0,35.0,0.0,0.0,0.0,1.0,0.0,1.0,0.0,0.0,0.0,1185732.0,0.0,0.0,1.0,0.0,0.0,0.0,0.0,29.0,150
4.0,40.0,0.0,0.0,0.0,0.0,1.0,1.0,0.0,0.0,0.0,1185732.0,0.0,0.0,1.0,0.0,0.0,0.0,0.0,19.0,125
8.0,54.99999999999999,0.0,0.0,0.0,0.0,0.0,1.0,0.0,0.0,0.0,1185732.0,0.0,0.0,1.0,0.0,0.0,0.0,0.0,20.0,125
8.0,54.99999999999999,0.0,1.0,0.0,0.0,0.0,1.0,0.0,0.0,0.0,1185732.0,0.0,0.0,1.0,0.0,0.0,0.0,0.0,20.0,575
20.0,32.0,0.0,0.0,0.0,1.0,0.0,1.0,0.0,0.0,0.0,1185732.0,0.0,0.0,1.0,0.0,0.0,0.0,1.0,6.0,74
35.0,27.0,0.0,0.0,0.0,0.0,1.0,1.0,0.0,0.0,0.0,1197831.0,0.0,0.0,1.0,0.0,0.0,0.0,1.0,31.0,238
20.0,50.0,1.0,0.0,0.0,0.0,0.0,1.0,0.0,0.0,0.0,1185732.0,0.0,0.0,1.0,0.0,0.0,0.0,0.0,6.0,375
8.0,40.0,1.0,0.0,0.0,0.0,0.0,1.0,0.0,0.0,0.0,1185732.0,0.0,0.0,1.0,0.0,0.0,0.0,0.0,20.0,150
4.0,54.0,0.0,0.0,1.0,0.0,0.0,1.0,0.0,0.0,0.0,1185732.0,0.0,0.0,1.0,0.0,0.0,1.0,0.0,19.0,50
36.0,60.0,0.0,1.0,0.0,0.0,0.0,1.0,0.0,0.0,0.0,1185732.0,0.0,0.0,1.0,0.0,0.0,0.0,0.0,29.0,550
20.0,45.0,0.0,0.0,1.0,0.0,0.0,1.0,0.0,0.0,0.0,1185732.0,0.0,0.0,1.0,0.0,0.0,0.0,1.0,6.0,83
8.0,35.0,0.0,0.0,0.0,1.0,0.0,1.0,0.0,0.0,0.0,1185732.0,0.0,0.0,1.0,0.0,0.0,0.0,0.0,20.0,300
20.0,60.0,0.0,0.0,1.0,0.0,0.0,1.0,0.0,0.0,0.0,1185732.0,0.0,0.0,1.0,0.0,0.0,0.0,0.0,6.0,275
8.0,60.0,0.0,0.0,1.0,0.0,0.0,1.0,0.0,0.0,0.0,1185732.0,0.0,0.0,1.0,0.0,0.0,0.0,0.0,20.0,425
4.0,37.0,0.0,0.0,0.0,0.0,1.0,1.0,0.0,0.0,0.0,1185732.0,0.0,0.0,1.0,0.0,0.0,1.0,0.0,19.0,60
20.0,50.0,1.0,0.0,0.0,0.0,0.0,1.0,0.0,0.0,0.0,1185732.0,0.0,0.0,1.0,0.0,0.0,0.0,0.0,6.0,250
35.0,33.0,0.0,0.0,0.0,0.0,1.0,1.0,0.0,0.0,0.0,1197831.0,0.0,0.0,1.0,0.0,0.0,1.0,0.0,31.0,210
8.0,53.0,1.0,0.0,0.0,0.0,0.0,1.0,0.0,0.0,0.0,1185732.0,0.0,0.0,1.0,0.0,0.0,1.0,0.0,20.0,56
20.0,38.0,0.0,0.0,1.0,0.0,0.0,1.0,0.0,0.0,0.0,1185732.0,0.0,0.0,1.0,0.0,0.0,1.0,0.0,6.0,73
20.0,42.0,0.0,1.0,0.0,0.0,0.0,1.0,0.0,0.0,0.0,1185732.0,0.0,0.0,1.0,0.0,0.0,0.0,1.0,6.0,195
43.0,28.0,1.0,0.0,0.0,0.0,0.0,1.0,0.0,0.0,0.0,1185732.0,0.0,0.0,1.0,0.0,0.0,0.0,1.0,38.0,88
20.0,54.99999999999999,0.0,1.0,0.0,0.0,0.0,1.0,0.0,0.0,0.0,1185732.0,0.0,0.0,1.0,0.0,0.0,0.0,0.0,6.0,625
8.0,55.00000000000001,0.0,0.0,0.0,1.0,0.0,1.0,0.0,0.0,0.0,1185732.0,0.0,0.0,1.0,0.0,0.0,0.0,0.0,20.0,100
8.0,22.0,0.0,0.0,0.0,0.0,1.0,1.0,0.0,0.0,0.0,1185732.0,0.0,0.0,1.0,0.0,0.0,0.0,1.0,20.0,51
43.0,64.99999999999999,0.0,0.0,1.0,0.0,0.0,1.0,0.0,0.0,0.0,1185732.0,0.0,0.0,1.0,0.0,0.0,0.0,0.0,38.0,275
20.0,39.0,0.0,0.0,1.0,0.0,0.0,1.0,0.0,0.0,0.0,1185732.0,0.0,0.0,1.0,0.0,0.0,1.0,0.0,6.0,84
4.0,49.99999999999999,0.0,0.0,0.0,0.0,0.0,1.0,0.0,0.0,0.0,1185732.0,0.0,0.0,1.0,0.0,0.0,0.0,0.0,19.0,175
8.0,30.000000000000004,0.0,0.0,0.0,0.0,1.0,1.0,0.0,0.0,0.0,1185732.0,0.0,0.0,1.0,0.0,0.0,0.0,0.0,20.0,200
20.0,29.0,0.0,0.0,1.0,0.0,0.0,1.0,0.0,0.0,0.0,1185732.0,0.0,0.0,1.0,0.0,0.0,0.0,1.0,6.0,85
43.0,25.0,0.0,0.0,0.0,1.0,0.0,1.0,0.0,0.0,0.0,1185732.0,0.0,0.0,1.0,0.0,0.0,0.0,1.0,38.0,33
43.0,56.0,0.0,0.0,0.0,0.0,0.0,1.0,0.0,0.0,0.0,1185732.0,0.0,0.0,1.0,0.0,0.0,1.0,0.0,38.0,68
20.0,26.0,0.0,1.0,0.0,0.0,0.0,1.0,0.0,0.0,0.0,1185732.0,0.0,0.0,1.0,0.0,0.0,0.0,1.0,6.0,182
8.0,31.0,1.0,0.0,0.0,0.0,0.0,1.0,0.0,0.0,0.0,1185732.0,0.0,0.0,1.0,0.0,0.0,0.0,1.0,20.0,61
4.0,39.0,0.0,0.0,0.0,0.0,1.0,1.0,0.0,0.0,0.0,1185732.0,0.0,0.0,1.0,0.0,0.0,1.0,0.0,19.0,60
43.0,50.0,0.0,0.0,0.0,0.0,1.0,1.0,0.0,0.0,0.0,1185732.0,0.0,0.0,1.0,0.0,0.0,0.0,0.0,38.0,220
20.0,42.0,0.0,0.0,0.0,1.0,0.0,1.0,0.0,0.0,0.0,1185732.0,0.0,0.0,1.0,0.0,0.0,1.0,0.0,6.0,80
35.0,25.0,0.0,1.0,0.0,0.0,0.0,1.0,0.0,0.0,0.0,1197831.0,0.0,0.0,1.0,0.0,0.0,0.0,1.0,31.0,900
20.0,54.99999999999999,0.0,1.0,0.0,0.0,0.0,1.0,0.0,0.0,0.0,1185732.0,0.0,0.0,1.0,0.0,0.0,0.0,0.0,6.0,545
20.0,36.0,0.0,0.0,1.0,0.0,0.0,1.0,0.0,0.0,0.0,1185732.0,0.0,0.0,1.0,0.0,0.0,1.0,0.0,6.0,69
20.0,30.0,0.0,0.0,0.0,1.0,0.0,1.0,0.0,0.0,0.0,1185732.0,0.0,0.0,1.0,0.0,0.0,0.0,1.0,6.0,58
4.0,48.0,0.0,1.0,0.0,0.0,0.0,1.0,0.0,0.0,0.0,1185732.0,0.0,0.0,1.0,0.0,0.0,1.0,0.0,19.0,135
8.0,35.0,1.0,0.0,0.0,0.0,0.0,1.0,0.0,0.0,0.0,1185732.0,0.0,0.0,1.0,0.0,0.0,0.0,1.0,20.0,88
8.0,40.0,0.0,1.0,0.0,0.0,0.0,1.0,0.0,0.0,0.0,1185732.0,0.0,0.0,1.0,0.0,0.0,0.0,1.0,20.0,132
20.0,54.99999999999999,0.0,1.0,0.0,0.0,0.0,1.0,0.0,0.0,0.0,1185732.0,0.0,0.0,1.0,0.0,0.0,0.0,0.0,6.0,625
20.0,45.0,0.0,0.0,0.0,1.0,0.0,1.0,0.0,0.0,0.0,1185732.0,0.0,0.0,1.0,0.0,0.0,0.0,0.0,6.0,275
43.0,60.0,0.0,0.0,1.0,0.0,0.0,1.0,0.0,0.0,0.0,1185732.0,0.0,0.0,1.0,0.0,0.0,1.0,0.0,38.0,77
43.0,38.0,0.0,1.0,0.0,0.0,0.0,1.0,0.0,0.0,0.0,1185732.0,0.0,0.0,1.0,0.0,0.0,1.0,0.0,38.0,126
20.0,40.0,0.0,1.0,0.0,0.0,0.0,1.0,0.0,0.0,0.0,1185732.0,0.0,0.0,1.0,0.0,0.0,0.0,1.0,6.0,191
20.0,55.0,0.0,0.0,1.0,0.0,0.0,1.0,0.0,0.0,0.0,1185732.0,0.0,0.0,1.0,0.0,0.0,1.0,0.0,6.0,105
4.0,36.0,0.0,0.0,0.0,1.0,0.0,1.0,0.0,0.0,0.0,1185732.0,0.0,0.0,1.0,0.0,0.0,1.0,0.0,19.0,45
8.0,50.0,0.0,0.0,0.0,0.0,0.0,1.0,0.0,0.0,0.0,1185732.0,0.0,0.0,1.0,0.0,0.0,0.0,0.0,20.0,150
43.0,38.0,1.0,0.0,0.0,0.0,0.0,1.0,0.0,0.0,0.0,1185732.0,0.0,0.0,1.0,0.0,0.0,1.0,0.0,38.0,68
43.0,22.0,0.0,0.0,0.0,0.0,1.0,1.0,0.0,0.0,0.0,1185732.0,0.0,0.0,1.0,0.0,0.0,0.0,1.0,38.0,75
8.0,58.0,0.0,0.0,1.0,0.0,0.0,1.0,0.0,0.0,0.0,1185732.0,0.0,0.0,1.0,0.0,0.0,1.0,0.0,20.0,91
8.0,62.0,0.0,0.0,0.0,0.0,0.0,1.0,0.0,0.0,0.0,1185732.0,0.0,0.0,1.0,0.0,0.0,1.0,0.0,20.0,27
8.0,45.0,0.0,0.0,0.0,1.0,0.0,1.0,0.0,0.0,0.0,1185732.0,0.0,0.0,1.0,0.0,0.0,0.0,0.0,20.0,175
8.0,50.0,0.0,0.0,0.0,0.0,0.0,1.0,0.0,0.0,0.0,1185732.0,0.0,0.0,1.0,0.0,0.0,0.0,0.0,20.0,100
8.0,46.0,0.0,0.0,0.0,0.0,0.0,1.0,0.0,0.0,0.0,1185732.0,0.0,0.0,1.0,0.0,0.0,1.0,0.0,20.0,29
43.0,55.0,0.0,1.0,0.0,0.0,0.0,1.0,0.0,0.0,0.0,1185732.0,0.0,0.0,1.0,0.0,0.0,1.0,0.0,38.0,95
43.0,34.0,0.0,0.0,0.0,1.0,0.0,1.0,0.0,0.0,0.0,1185732.0,0.0,0.0,1.0,0.0,0.0,1.0,0.0,38.0,26
36.0,40.0,0.0,1.0,0.0,0.0,0.0,1.0,0.0,0.0,0.0,1185732.0,0.0,0.0,1.0,0.0,0.0,0.0,0.0,29.0,550
43.0,43.0,0.0,0.0,0.0,0.0,0.0,1.0,0.0,0.0,0.0,1185732.0,0.0,0.0,1.0,0.0,0.0,0.0,1.0,38.0,61
20.0,35.0,0.0,0.0,0.0,1.0,0.0,1.0,0.0,0.0,0.0,1185732.0,0.0,0.0,1.0,0.0,0.0,0.0,0.0,6.0,125
20.0,36.0,0.0,0.0,0.0,0.0,1.0,1.0,0.0,0.0,0.0,1185732.0,0.0,0.0,1.0,0.0,0.0,0.0,1.0,6.0,61
20.0,54.0,0.0,0.0,1.0,0.0,0.0,1.0,0.0,0.0,0.0,1185732.0,0.0,0.0,1.0,0.0,0.0,1.0,0.0,6.0,83
