City,Operating Margin,Price per Unit,Product_Men's Athletic Footwear,Product_Men's Street Footwear,Product_Women's Apparel,Product_Women's Athletic Footwear,Product_Women's Street Footwear,Region_Northeast,Region_South,Region_Southeast,Region_West,Retailer ID,Retailer_Foot Locker,Retailer_Kohl's,Retailer_Sports Direct,Retailer_Walmart,Retailer_West Gear,Sales Method_Online,Sales Method_Outlet,State,inv_day,inv_month,inv_year,Units Sold
0.0,0.25,50.000000000000014,0.0,0.0,0.0,0.0,1.0,1.0,0.0,0.0,0.0,1185732.0,0.0,0.0,0.0,0.0,1.0,0.0,0.0,31.0,10.0,10.0,2021.0,525
4.0,0.48,37.0,0.0,0.0,0.0,1.0,0.0,1.0,0.0,0.0,0.0,1185732.0,0.0,0.0,0.0,0.0,1.0,1.0,0.0,19.0,20.0,5.0,2021.0,30
10.0,0.55,28.0,1.0,0.0,0.0,0.0,0.0,1.0,0.0,0.0,0.0,1185732.0,0.0,0.0,0.0,0.0,1.0,1.0,0.0,47.0,17.0,4.0,2021.0,75
4.0,0.49,24.0,0.0,0.0,0.0,0.0,1.0,1.0,0.0,0.0,0.0,1185732.0,0.0,0.0,0.0,0.0,1.0,1.0,0.0,19.0,21.0,4.0,2021.0,33
40.0,0.47000000000000003,36.0,0.0,0.0,0.0,0.0,1.0,1.0,0.0,0.0,0.0,1128299.0,0.0,0.0,0.0,0.0,1.0,0.0,1.0,37.0,4.0,1.0,2020.0,140
0.0,0.5,45.0,0.0,0.0,1.0,0.0,0.0,1.0,0.0,0.0,0.0,1185732.0,0.0,0.0,0.0,0.0,1.0,0.0,0.0,31.0,9.0,4.0,2021.0,600
0.0,0.45,60.00000000000001,0.0,1.0,0.0,0.0,0.0,1.0,0.0,0.0,0.0,1185732.0,0.0,0.0,0.0,0.0,1.0,0.0,0.0,31.0,9.0,11.0,2021.0,775
40.0,0.4,35.0,0.0,1.0,0.0,0.0,0.0,1.0,0.0,0.0,0.0,1128299.0,0.0,0.0,0.0,0.0,1.0,0.0,1.0,37.0,2.0,1.0,2020.0,450
0.0,0.4,41.0,0.0,0.0,0.0,1.0,0.0,1.0,0.0,0.0,0.0,1185732.0,0.0,0.0,0.0,0.0,1.0,1.0,0.0,31.0,9.0,8.0,2021.0,150
4.0,0.4,49.99999999999999,0.0,1.0,0.0,0.0,0.0,1.0,0.0,0.0,0.0,1185732.0,0.0,0.0,0.0,0.0,1.0,0.0,0.0,19.0,20.0,5.0,2021.0,470
4.0,0.3,49.99999999999999,0.0,0.0,0.0,0.0,0.0,1.0,0.0,0.0,0.0,1185732.0,0.0,0.0,0.0,0.0,1.0,0.0,0.0,19.0,20.0,5.0,2021.0,125
0.0,0.64,68.0,0.0,0.0,1.0,0.0,0.0,1.0,0.0,0.0,0.0,1185732.0,0.0,0.0,0.0,0.0,1.0,1.0,0.0,31.0,9.0,11.0,2021.0,176
0.0,0.45999999999999996,62.0,0.0,0.0,0.0,0.0,0.0,1.0,0.0,0.0,0.0,1185732.0,0.0,0.0,0.0,0.0,1.0,1.0,0.0,31.0,8.0,7.0,2021.0,168
0.0,0.3,50.000000000000014,0.0,0.0,0.0,1.0,0.0,1.0,0.0,0.0,0.0,1185732.0,0.0,0.0,0.0,0.0,1.0,0.0,0.0,31.0,10.0,10.0,2021.0,500
10.0,0.4,40.0,0.0,0.0,0.0,1.0,0.0,1.0,0.0,0.0,0.0,1185732.0,0.0,0.0,0.0,0.0,1.0,0.0,0.0,47.0,17.0,8.0,2021.0,275
40.0,0.31,35.0,1.0,0.0,0.0,0.0,0.0,1.0,0.0,0.0,0.0,1128299.0,0.0,0.0,0.0,0.0,1.0,0.0,1.0,37.0,3.0,1.0,2020.0,135
4.0,0.3,35.0,0.0,0.0,1.0,0.0,0.0,1.0,0.0,0.0,0.0,1185732.0,0.0,0.0,0.0,0.0,1.0,0.0,0.0,19.0,20.0,3.0,2021.0,175
0.0,0.35,60.00000000000001,1.0,0.0,0.0,0.0,0.0,1.0,0.0,0.0,0.0,1185732.0,0.0,0.0,0.0,0.0,1.0,0.0,0.0,31.0,9.0,8.0,2021.0,700
4.0,0.3,45.0,0.0,0.0,0.0,0.0,0.0,1.0,0.0,0.0,0.0,1185732.0,0.0,0.0,0.0,0.0,1.0,0.0,0.0,19.0,21.0,4.0,2021.0,50
42.0,0.39,43.0,0.0,0.0,0.0,1.0,0.0,1.0,0.0,0.0,0.0,1128299.0,0.0,0.0,0.0,0.0,1.0,1.0,0.0,18.0,10.0,1.0,2021.0,59
9.0,0.5800000000000001,55.0,1.0,0.0,0.0,0.0,0.0,1.0,0.0,0.0,0.0,1185732.0,0.0,0.0,0.0,0.0,1.0,1.0,0.0,44.0,11.0,11.0,2021.0,81
0.0,0.3,40.0,0.0,0.0,0.0,1.0,0.0,1.0,0.0,0.0,0.0,1185732.0,0.0,0.0,0.0,0.0,1.0,0.0,0.0,31.0,10.0,2.0,2021.0,475
42.0,0.2,45.0,1.0,0.0,0.0,0.0,0.0,1.0,0.0,0.0,0.0,1128299.0,0.0,0.0,0.0,0.0,1.0,0.0,1.0,18.0,10.0,1.0,2021.0,375
10.0,0.54,19.0,0.0,0.0,0.0,0.0,1.0,1.0,0.0,0.0,0.0,1185732.0,0.0,0.0,0.0,0.0,1.0,1.0,0.0,47.0,16.0,3.0,2021.0,91
10.0,0.4,20.0,0.0,0.0,0.0,0.0,1.0,1.0,0.0,0.0,0.0,1185732.0,0.0,0.0,0.0,0.0,1.0,0.0,0.0,47.0,17.0,4.0,2021.0,250
9.0,0.6,64.0,0.0,1.0,0.0,0.0,0.0,1.0,0.0,0.0,0.0,1185732.0,0.0,0.0,0.0,0.0,1.0,1.0,0.0,44.0,11.0,11.0,2021.0,126
4.0,0.35,25.000000000000007,0.0,0.0,0.0,0.0,1.0,1.0,0.0,0.0,0.0,1185732.0,0.0,0.0,0.0,0.0,1.0,0.0,0.0,19.0,20.0,3.0,2021.0,175
0.0,0.45,45.0,0.0,1.0,0.0,0.0,0.0,1.0,0.0,0.0,0.0,1185732.0,0.0,0.0,0.0,0.0,1.0,0.0,0.0,31.0,8.0,3.0,2021.0,870
4.0,0.44999999999999996,33.0,0.0,0.0,1.0,0.0,0.0,1.0,0.0,0.0,0.0,1185732.0,0.0,0.0,0.0,0.0,1.0,1.0,0.0,19.0,20.0,3.0,2021.0,49
4.0,0.35,45.0,1.0,0.0,0.0,0.0,0.0,1.0,0.0,0.0,0.0,1185732.0,0.0,0.0,0.0,0.0,1.0,0.0,0.0,19.0,20.0,5.0,2021.0,175
10.0,0.54,19.0,0.0,0.0,0.0,0.0,1.0,1.0,0.0,0.0,0.0,1185732.0,0.0,0.0,0.0,0.0,1.0,1.0,0.0,47.0,17.0,4.0,2021.0,68
10.0,0.4,45.00000000000001,1.0,0.0,0.0,0.0,0.0,1.0,0.0,0.0,0.0,1185732.0,0.0,0.0,0.0,0.0,1.0,0.0,0.0,47.0,17.0,8.0,2021.0,300
10.0,0.52,46.0,0.0,1.0,0.0,0.0,0.0,1.0,0.0,0.0,0.0,1185732.0,0.0,0.0,0.0,0.0,1.0,1.0,0.0,47.0,17.0,8.0,2021.0,131
9.0,0.45,70.0,0.0,1.0,0.0,0.0,0.0,1.0,0.0,0.0,0.0,1185732.0,0.0,0.0,0.0,0.0,1.0,0.0,0.0,44.0,11.0,11.0,2021.0,450
40.0,0.42000000000000004,27.0,0.0,1.0,0.0,0.0,0.0,1.0,0.0,0.0,0.0,1128299.0,0.0,0.0,0.0,0.0,1.0,0.0,1.0,37.0,2.0,1.0,2020.0,158
0.0,0.5900000000000001,44.0,0.0,1.0,0.0,0.0,0.0,1.0,0.0,0.0,0.0,1185732.0,0.0,0.0,0.0,0.0,1.0,1.0,0.0,31.0,8.0,3.0,2021.0,252
4.0,0.35,30.0,0.0,0.0,0.0,1.0,0.0,1.0,0.0,0.0,0.0,1185732.0,0.0,0.0,0.0,0.0,1.0,0.0,0.0,19.0,20.0,3.0,2021.0,25
9.0,0.48,57.0,0.0,0.0,0.0,0.0,1.0,1.0,0.0,0.0,0.0,1185732.0,0.0,0.0,0.0,0.0,1.0,1.0,0.0,44.0,11.0,11.0,2021.0,96
0.0,0.41,49.0,0.0,0.0,0.0,1.0,0.0,1.0,0.0,0.0,0.0,1185732.0,0.0,0.0,0.0,0.0,1.0,1.0,0.0,31.0,10.0,6.0,2021.0,144
4.0,0.5,47.0,0.0,1.0,0.0,0.0,0.0,1.0,0.0,0.0,0.0,1185732.0,0.0,0.0,0.0,0.0,1.0,1.0,0.0,19.0,22.0,6.0,2021.0,125
10.0,0.52,55.0,0.0,1.0,0.0,0.0,0.0,1.0,0.0,0.0,0.0,1185732.0,0.0,0.0,0.0,0.0,1.0,1.0,0.0,47.0,16.0,7.0,2021.0,182
4.0,0.49,24.0,0.0,0.0,0.0,0.0,1.0,1.0,0.0,0.0,0.0,1185732.0,0.0,0.0,0.0,0.0,1.0,1.0,0.0,19.0,20.0,3.0,2021.0,53
0.0,0.48,54.0,1.0,0.0,0.0,0.0,0.0,1.0,0.0,0.0,0.0,1185732.0,0.0,0.0,0.0,0.0,1.0,1.0,0.0,31.0,10.0,6.0,2021.0,175
10.0,0.52,43.0,0.0,1.0,0.0,0.0,0.0,1.0,0.0,0.0,0.0,1185732.0,0.0,0.0,0.0,0.0,1.0,1.0,0.0,47.0,17.0,6.0,2021.0,150
10.0,0.4,30.000000000000004,0.0,0.0,1.0,0.0,0.0,1.0,0.0,0.0,0.0,1185732.0,0.0,0.0,0.0,0.0,1.0,0.0,0.0,47.0,16.0,3.0,2021.0,325
0.0,0.35,55.00000000000001,0.0,0.0,0.0,0.0,0.0,1.0,0.0,0.0,0.0,1185732.0,0.0,0.0,0.0,0.0,1.0,0.0,0.0,31.0,8.0,9.0,2021.0,525
40.0,0.51,32.0,0.0,1.0,0.0,0.0,0.0,1.0,0.0,0.0,0.0,1128299.0,0.0,0.0,0.0,0.0,1.0,1.0,0.0,37.0,2.0,1.0,2020.0,122
0.0,0.3,45.0,0.0,0.0,0.0,1.0,0.0,1.0,0.0,0.0,0.0,1185732.0,0.0,0.0,0.0,0.0,1.0,0.0,0.0,31.0,9.0,8.0,2021.0,575
0.0,0.56,59.0,0.0,1.0,0.0,0.0,0.0,1.0,0.0,0.0,0.0,1185732.0,0.0,0.0,0.0,0.0,1.0,1.0,0.0,31.0,10.0,6.0,2021.0,263
4.0,0.3,45.0,0.0,0.0,0.0,0.0,0.0,1.0,0.0,0.0,0.0,1185732.0,0.0,0.0,0.0,0.0,1.0,0.0,0.0,19.0,20.0,3.0,2021.0,75
4.0,0.3,54.99999999999999,0.0,0.0,1.0,0.0,0.0,1.0,0.0,0.0,0.0,1185732.0,0.0,0.0,0.0,0.0,1.0,0.0,0.0,19.0,20.0,5.0,2021.0,250
10.0,0.4,35.0,1.0,0.0,0.0,0.0,0.0,1.0,0.0,0.0,0.0,1185732.0,0.0,0.0,0.0,0.0,1.0,0.0,0.0,47.0,17.0,10.0,2021.0,275
10.0,0.4,35.0,0.0,0.0,0.0,0.0,0.0,1.0,0.0,0.0,0.0,1185732.0,0.0,0.0,0.0,0.0,1.0,0.0,0.0,47.0,18.0,9.0,2021.0,225
10.0,0.55,42.0,1.0,0.0,0.0,0.0,0.0,1.0,0.0,0.0,0.0,1185732.0,0.0,0.0,0.0,0.0,1.0,1.0,0.0,47.0,17.0,8.0,2021.0,90
10.0,0.52,38.0,0.0,0.0,0.0,0.0,1.0,1.0,0.0,0.0,0.0,1185732.0,0.0,0.0,0.0,0.0,1.0,1.0,0.0,47.0,17.0,8.0,2021.0,87
4.0,0.35,30.0,0.0,0.0,0.0,1.0,0.0,1.0,0.0,0.0,0.0,1185732.0,0.0,0.0,0.0,0.0,1.0,0.0,0.0,19.0,22.0,2.0,2021.0,50
10.0,0.4,35.0,0.0,0.0,0.0,0.0,1.0,1.0,0.0,0.0,0.0,1185732.0,0.0,0.0,0.0,0.0,1.0,0.0,0.0,47.0,17.0,10.0,2021.0,175
0.0,0.45,45.0,0.0,1.0,0.0,0.0,0.0,1.0,0.0,0.0,0.0,1185732.0,0.0,0.0,0.0,0.0,1.0,0.0,0.0,31.0,9.0,4.0,2021.0,825
0.0,0.5,70.0,0.0,0.0,1.0,0.0,0.0,1.0,0.0,0.0,0.0,1185732.0,0.0,0.0,0.0,0.0,1.0,0.0,0.0,31.0,10.0,6.0,2021.0,725
0.0,0.5,45.0,0.0,0.0,1.0,0.0,0.0,1.0,0.0,0.0,0.0,1185732.0,0.0,0.0,0.0,0.0,1.0,0.0,0.0,31.0,10.0,2.0,2021.0,650
10.0,0.55,33.0,0.0,0.0,0.0,1.0,0.0,1.0,0.0,0.0,0.0,1185732.0,0.0,0.0,0.0,0.0,1.0,1.0,0.0,47.0,18.0,5.0,2021.0,50
10.0,0.51,28.0,0.0,1.0,0.0,0.0,0.0,1.0,0.0,0.0,0.0,1185732.0,0.0,0.0,0.0,0.0,1.0,1.0,0.0,47.0,16.0,3.0,2021.0,165
40.0,0.5,43.0,0.0,0.0,0.0,1.0,0.0,1.0,0.0,0.0,0.0,1128299.0,0.0,0.0,0.0,0.0,1.0,1.0,0.0,37.0,5.0,1.0,2020.0,87
10.0,0.4,44.99999999999999,0.0,0.0,0.0,0.0,0.0,1.0,0.0,0.0,0.0,1185732.0,0.0,0.0,0.0,0.0,1.0,0.0,0.0,47.0,18.0,5.0,2021.0,225
10.0,0.4,20.0,0.0,0.0,0.0,0.0,1.0,1.0,0.0,0.0,0.0,1185732.0,0.0,0.0,0.0,0.0,1.0,0.0,0.0,47.0,16.0,3.0,2021.0,325
0.0,0.48,51.0,0.0,0.0,0.0,0.0,0.0,1.0,0.0,0.0,0.0,1185732.0,0.0,0.0,0.0,0.0,1.0,1.0,0.0,31.0,8.0,9.0,2021.0,131
10.0,0.4,65.00000000000001,0.0,0.0,1.0,0.0,0.0,1.0,0.0,0.0,0.0,1185732.0,0.0,0.0,0.0,0.0,1.0,0.0,0.0,47.0,16.0,7.0,2021.0,475
42.0,0.25,45.0,0.0,0.0,0.0,0.0,1.0,1.0,0.0,0.0,0.0,1128299.0,0.0,0.0,0.0,0.0,1.0,0.0,1.0,18.0,10.0,1.0,2021.0,375
0.0,0.35,55.00000000000001,0.0,0.0,0.0,0.0,0.0,1.0,0.0,0.0,0.0,1185732.0,0.0,0.0,0.0,0.0,1.0,0.0,0.0,31.0,8.0,3.0,2021.0,475
10.0,0.4,65.00000000000001,0.0,0.0,1.0,0.0,0.0,1.0,0.0,0.0,0.0,1185732.0,0.0,0.0,0.0,0.0,1.0,0.0,0.0,47.0,17.0,6.0,2021.0,425
10.0,0.35,35.0,1.0,0.0,0.0,0.0,0.0,1.0,0.0,0.0,0.0,1185732.0,0.0,0.0,0.0,0.0,1.0,0.0,0.0,47.0,22.0,2.0,2021.0,125
40.0,0.54,41.0,0.0,0.0,0.0,0.0,1.0,1.0,0.0,0.0,0.0,1128299.0,0.0,0.0,0.0,0.0,1.0,1.0,0.0,37.0,4.0,1.0,2020.0,117
9.0,0.53,71.0,0.0,0.0,1.0,0.0,0.0,1.0,0.0,0.0,0.0,1185732.0,0.0,0.0,0.0,0.0,1.0,1.0,0.0,44.0,12.0,10.0,2021.0,81
4.0,0.35,40.0,0.0,0.0,0.0,0.0,1.0,1.0,0.0,0.0,0.0,1185732.0,0.0,0.0,0.0,0.0,1.0,0.0,0.0,19.0,20.0,5.0,2021.0,150
0.0,0.3,50.0,0.0,0.0,0.0,1.0,0.0,1.0,0.0,0.0,0.0,1185732.0,0.0,0.0,0.0,0.0,1.0,0.0,0.0,31.0,10.0,6.0,2021.0,575
0.0,0.35,60.00000000000001,0.0,0.0,0.0,0.0,0.0,1.0,0.0,0.0,0.0,1185732.0,0.0,0.0,0.0,0.0,1.0,0.0,0.0,31.0,10.0,10.0,2021.0,500
0.0,0.25,35.0,0.0,0.0,0.0,0.0,1.0,1.0,0.0,0.0,0.0,1185732.0,0.0,0.0,0.0,0.0,1.0,0.0,0.0,31.0,8.0,3.0,2021.0,575
10.0,0.52,58.0,0.0,1.0,0.0,0.0,0.0,1.0,0.0,0.0,0.0,1185732.0,0.0,0.0,0.0,0.0,1.0,1.0,0.0,47.0,18.0,5.0,2021.0,179
0.0,0.36,45.0,0.0,0.0,0.0,0.0,1.0,1.0,0.0,0.0,0.0,1185732.0,0.0,0.0,0.0,0.0,1.0,1.0,0.0,31.0,9.0,11.0,2021.0,147
10.0,0.4,35.0,0.0,0.0,0.0,0.0,1.0,1.0,0.0,0.0,0.0,1185732.0,0.0,0.0,0.0,0.0,1.0,0.0,0.0,47.0,18.0,5.0,2021.0,275
0.0,0.35,65.0,0.0,0.0,0.0,0.0,0.0,1.0,0.0,0.0,0.0,1185732.0,0.0,0.0,0.0,0.0,1.0,0.0,0.0,31.0,8.0,7.0,2021.0,600
0.0,0.3,55.00000000000001,0.0,0.0,0.0,1.0,0.0,1.0,0.0,0.0,0.0,1185732.0,0.0,0.0,0.0,0.0,1.0,0.0,0.0,31.0,8.0,7.0,2021.0,575
4.0,0.48,36.0,0.0,0.0,0.0,0.0,1.0,1.0,0.0,0.0,0.0,1185732.0,0.0,0.0,0.0,0.0,1.0,1.0,0.0,19.0,20.0,5.0,2021.0,38
10.0,0.53,49.0,0.0,0.0,0.0,0.0,1.0,1.0,0.0,0.0,0.0,1185732.0,0.0,0.0,0.0,0.0,1.0,1.0,0.0,47.0,16.0,7.0,2021.0,98
9.0,0.39999999999999997,75.0,0.0,0.0,1.0,0.0,0.0,1.0,0.0,0.0,0.0,1185732.0,0.0,0.0,0.0,0.0,1.0,0.0,0.0,44.0,12.0,10.0,2021.0,300
4.0,0.4,49.99999999999999,0.0,1.0,0.0,0.0,0.0,1.0,0.0,0.0,0.0,1185732.0,0.0,0.0,0.0,0.0,1.0,0.0,0.0,19.0,22.0,6.0,2021.0,500
10.0,0.4,55.000000000000014,1.0,0.0,0.0,0.0,0.0,1.0,0.0,0.0,0.0,1185732.0,0.0,0.0,0.0,0.0,1.0,0.0,0.0,47.0,16.0,7.0,2021.0,400
10.0,0.51,36.0,0.0,0.0,0.0,1.0,0.0,1.0,0.0,0.0,0.0,1185732.0,0.0,0.0,0.0,0.0,1.0,1.0,0.0,47.0,17.0,8.0,2021.0,72
0.0,0.35,55.00000000000001,1.0,0.0,0.0,0.0,0.0,1.0,0.0,0.0,0.0,1185732.0,0.0,0.0,0.0,0.0,1.0,0.0,0.0,31.0,8.0,12.0,2021.0,675
0.0,0.45,65.0,0.0,1.0,0.0,0.0,0.0,1.0,0.0,0.0,0.0,1185732.0,0.0,0.0,0.0,0.0,1.0,0.0,0.0,31.0,8.0,7.0,2021.0,950
0.0,0.35,60.00000000000001,1.0,0.0,0.0,0.0,0.0,1.0,0.0,0.0,0.0,1185732.0,0.0,0.0,0.0,0.0,1.0,0.0,0.0,31.0,8.0,7.0,2021.0,700
0.0,0.45,55.00000000000001,0.0,1.0,0.0,0.0,0.0,1.0,0.0,0.0,0.0,1185732.0,0.0,0.0,0.0,0.0,1.0,0.0,0.0,31.0,8.0,5.0,2021.0,870
10.0,0.5,23.0,0.0,0.0,0.0,1.0,0.0,1.0,0.0,0.0,0.0,1185732.0,0.0,0.0,0.0,0.0,1.0,1.0,0.0,47.0,18.0,9.0,2021.0,59
10.0,0.55,41.0,0.0,0.0,0.0,0.0,0.0,1.0,0.0,0.0,0.0,1185732.0,0.0,0.0,0.0,0.0,1.0,1.0,0.0,47.0,17.0,10.0,2021.0,53
10.0,0.4,30.000000000000004,0.0,1.0,0.0,0.0,0.0,1.0,0.0,0.0,0.0,1185732.0,0.0,0.0,0.0,0.0,1.0,0.0,0.0,47.0,17.0,4.0,2021.0,550
10.0,0.52,32.0,1.0,0.0,0.0,0.0,0.0,1.0,0.0,0.0,0.0,1185732.0,0.0,0.0,0.0,0.0,1.0,1.0,0.0,47.0,17.0,10.0,2021.0,80
0.0,0.5,51.0,1.0,0.0,0.0,0.0,0.0,1.0,0.0,0.0,0.0,1185732.0,0.0,0.0,0.0,0.0,1.0,1.0,0.0,31.0,8.0,12.0,2021.0,169
0.0,0.64,42.0,0.0,0.0,1.0,0.0,0.0,1.0,0.0,0.0,0.0,1185732.0,0.0,0.0,0.0,0.0,1.0,1.0,0.0,31.0,10.0,2.0,2021.0,182
4.0,0.41,52.0,0.0,0.0,1.0,0.0,0.0,1.0,0.0,0.0,0.0,1185732.0,0.0,0.0,0.0,0.0,1.0,1.0,0.0,19.0,20.0,5.0,2021.0,63
0.0,0.35,55.00000000000001,1.0,0.0,0.0,0.0,0.0,1.0,0.0,0.0,0.0,1185732.0,0.0,0.0,0.0,0.0,1.0,0.0,0.0,31.0,8.0,5.0,2021.0,575
0.0,0.45,60.00000000000001,0.0,1.0,0.0,0.0,0.0,1.0,0.0,0.0,0.0,1185732.0,0.0,0.0,0.0,0.0,1.0,0.0,0.0,31.0,10.0,10.0,2021.0,800
4.0,0.45999999999999996,29.0,0.0,0.0,0.0,1.0,0.0,1.0,0.0,0.0,0.0,1185732.0,0.0,0.0,0.0,0.0,1.0,1.0,0.0,19.0,20.0,3.0,2021.0,7
4.0,0.5,28.0,0.0,0.0,0.0,1.0,0.0,1.0,0.0,0.0,0.0,1185732.0,0.0,0.0,0.0,0.0,1.0,1.0,0.0,19.0,22.0,2.0,2021.0,14
10.0,0.5,37.0,0.0,0.0,0.0,0.0,0.0,1.0,0.0,0.0,0.0,1185732.0,0.0,0.0,0.0,0.0,1.0,1.0,0.0,47.0,16.0,3.0,2021.0,59
0.0,0.35,55.00000000000001,0.0,0.0,0.0,0.0,0.0,1.0,0.0,0.0,0.0,1185732.0,0.0,0.0,0.0,0.0,1.0,0.0,0.0,31.0,9.0,4.0,2021.0,475
10.0,0.4,50.0,0.0,0.0,0.0,1.0,0.0,1.0,0.0,0.0,0.0,1185732.0,0.0,0.0,0.0,0.0,1.0,0.0,0.0,47.0,16.0,7.0,2021.0,275
9.0,0.37,46.0,0.0,0.0,0.0,0.0,1.0,1.0,0.0,0.0,0.0,1185732.0,0.0,0.0,0.0,0.0,1.0,0.0,1.0,44.0,11.0,11.0,2021.0,102
0.0,0.3,40.0,0.0,0.0,0.0,1.0,0.0,1.0,0.0,0.0,0.0,1185732.0,0.0,0.0,0.0,0.0,1.0,0.0,0.0,31.0,8.0,3.0,2021.0,425
0.0,0.5,70.0,0.0,0.0,1.0,0.0,0.0,1.0,0.0,0.0,0.0,1185732.0,0.0,0.0,0.0,0.0,1.0,0.0,0.0,31.0,9.0,11.0,2021.0,650
0.0,0.62,64.0,0.0,0.0,1.0,0.0,0.0,1.0,0.0,0.0,0.0,1185732.0,0.0,0.0,0.0,0.0,1.0,1.0,0.0,31.0,10.0,10.0,2021.0,156
0.0,0.63,59.0,0.0,0.0,1.0,0.0,0.0,1.0,0.0,0.0,0.0,1185732.0,0.0,0.0,0.0,0.0,1.0,1.0,0.0,31.0,8.0,5.0,2021.0,169
4.0,0.35,25.000000000000007,0.0,0.0,0.0,0.0,1.0,1.0,0.0,0.0,0.0,1185732.0,0.0,0.0,0.0,0.0,1.0,0.0,0.0,19.0,21.0,4.0,2021.0,125
0.0,0.6,50.0,0.0,1.0,0.0,0.0,0.0,1.0,0.0,0.0,0.0,1185732.0,0.0,0.0,0.0,0.0,1.0,1.0,0.0,31.0,8.0,5.0,2021.0,261
0.0,0.65,41.0,0.0,0.0,1.0,0.0,0.0,1.0,0.0,0.0,0.0,1185732.0,0.0,0.0,0.0,0.0,1.0,1.0,0.0,31.0,9.0,4.0,2021.0,156
10.0,0.4,55.00000000000001,0.0,0.0,0.0,0.0,1.0,1.0,0.0,0.0,0.0,1185732.0,0.0,0.0,0.0,0.0,1.0,0.0,0.0,47.0,16.0,12.0,2021.0,400
40.0,0.4,45.0,0.0,0.0,0.0,0.0,1.0,1.0,0.0,0.0,0.0,1128299.0,0.0,0.0,0.0,0.0,1.0,0.0,1.0,37.0,4.0,1.0,2020.0,450
10.0,0.45999999999999996,34.0,1.0,0.0,0.0,0.0,0.0,1.0,0.0,0.0,0.0,1185732.0,0.0,0.0,0.0,0.0,1.0,1.0,0.0,47.0,22.0,2.0,2021.0,38
0.0,0.6,43.0,0.0,0.0,1.0,0.0,0.0,1.0,0.0,0.0,0.0,1185732.0,0.0,0.0,0.0,0.0,1.0,1.0,0.0,31.0,8.0,3.0,2021.0,161
0.0,0.5,60.00000000000001,0.0,0.0,1.0,0.0,0.0,1.0,0.0,0.0,0.0,1185732.0,0.0,0.0,0.0,0.0,1.0,0.0,0.0,31.0,8.0,9.0,2021.0,625
4.0,0.44999999999999996,41.0,0.0,0.0,0.0,0.0,0.0,1.0,0.0,0.0,0.0,1185732.0,0.0,0.0,0.0,0.0,1.0,1.0,0.0,19.0,21.0,4.0,2021.0,15
10.0,0.51,48.0,0.0,0.0,0.0,1.0,0.0,1.0,0.0,0.0,0.0,1185732.0,0.0,0.0,0.0,0.0,1.0,1.0,0.0,47.0,16.0,7.0,2021.0,77
10.0,0.51,27.0,0.0,1.0,0.0,0.0,0.0,1.0,0.0,0.0,0.0,1185732.0,0.0,0.0,0.0,0.0,1.0,1.0,0.0,47.0,17.0,4.0,2021.0,143
40.0,0.35,45.0,0.0,0.0,0.0,1.0,0.0,1.0,0.0,0.0,0.0,1128299.0,0.0,0.0,0.0,0.0,1.0,0.0,1.0,37.0,5.0,1.0,2020.0,300
0.0,0.3,45.0,0.0,0.0,0.0,1.0,0.0,1.0,0.0,0.0,0.0,1185732.0,0.0,0.0,0.0,0.0,1.0,0.0,0.0,31.0,8.0,9.0,2021.0,525
4.0,0.3,35.0,0.0,0.0,1.0,0.0,0.0,1.0,0.0,0.0,0.0,1185732.0,0.0,0.0,0.0,0.0,1.0,0.0,0.0,19.0,22.0,2.0,2021.0,225
0.0,0.35,50.000000000000014,1.0,0.0,0.0,0.0,0.0,1.0,0.0,0.0,0.0,1185732.0,0.0,0.0,0.0,0.0,1.0,0.0,0.0,31.0,9.0,11.0,2021.0,600
42.0,0.4,43.0,0.0,0.0,0.0,0.0,1.0,1.0,0.0,0.0,0.0,1128299.0,0.0,0.0,0.0,0.0,1.0,1.0,0.0,18.0,10.0,1.0,2021.0,101
10.0,0.4,30.000000000000004,1.0,0.0,0.0,0.0,0.0,1.0,0.0,0.0,0.0,1185732.0,0.0,0.0,0.0,0.0,1.0,0.0,0.0,47.0,16.0,3.0,2021.0,275
10.0,0.4,24.999999999999993,0.0,0.0,0.0,1.0,0.0,1.0,0.0,0.0,0.0,1185732.0,0.0,0.0,0.0,0.0,1.0,0.0,0.0,47.0,17.0,4.0,2021.0,175
10.0,0.54,54.0,0.0,0.0,1.0,0.0,0.0,1.0,0.0,0.0,0.0,1185732.0,0.0,0.0,0.0,0.0,1.0,1.0,0.0,47.0,17.0,8.0,2021.0,115
9.0,0.35,60.00000000000001,0.0,0.0,0.0,0.0,1.0,1.0,0.0,0.0,0.0,1185732.0,0.0,0.0,0.0,0.0,1.0,0.0,0.0,44.0,11.0,11.0,2021.0,320
0.0,0.47,53.0,1.0,0.0,0.0,0.0,0.0,1.0,0.0,0.0,0.0,1185732.0,0.0,0.0,0.0,0.0,1.0,1.0,0.0,31.0,8.0,5.0,2021.0,161
4.0,0.51,33.0,0.0,1.0,0.0,0.0,0.0,1.0,0.0,0.0,0.0,1185732.0,0.0,0.0,0.0,0.0,1.0,1.0,0.0,19.0,21.0,4.0,2021.0,128
10.0,0.51,47.0,0.0,0.0,1.0,0.0,0.0,1.0,0.0,0.0,0.0,1185732.0,0.0,0.0,0.0,0.0,1.0,1.0,0.0,47.0,17.0,4.0,2021.0,94
10.0,0.4,50.0,0.0,0.0,0.0,0.0,0.0,1.0,0.0,0.0,0.0,1185732.0,0.0,0.0,0.0,0.0,1.0,0.0,0.0,47.0,17.0,8.0,2021.0,250
4.0,0.3,35.0,0.0,0.0,1.0,0.0,0.0,1.0,0.0,0.0,0.0,1185732.0,0.0,0.0,0.0,0.0,1.0,0.0,0.0,19.0,21.0,4.0,2021.0,200
0.0,0.35,51.0,0.0,0.0,0.0,0.0,1.0,1.0,0.0,0.0,0.0,1185732.0,0.0,0.0,0.0,0.0,1.0,1.0,0.0,31.0,8.0,7.0,2021.0,169
10.0,0.4,30.000000000000004,1.0,0.0,0.0,0.0,0.0,1.0,0.0,0.0,0.0,1185732.0,0.0,0.0,0.0,0.0,1.0,0.0,0.0,47.0,17.0,4.0,2021.0,250
4.0,0.35,45.0,1.0,0.0,0.0,0.0,0.0,1.0,0.0,0.0,0.0,1185732.0,0.0,0.0,0.0,0.0,1.0,0.0,0.0,19.0,22.0,6.0,2021.0,250
4.0,0.43,34.0,0.0,0.0,1.0,0.0,0.0,1.0,0.0,0.0,0.0,1185732.0,0.0,0.0,0.0,0.0,1.0,1.0,0.0,19.0,22.0,2.0,2021.0,63
0.0,0.45999999999999996,46.0,1.0,0.0,0.0,0.0,0.0,1.0,0.0,0.0,0.0,1185732.0,0.0,0.0,0.0,0.0,1.0,1.0,0.0,31.0,10.0,10.0,2021.0,156
0.0,0.56,62.0,0.0,1.0,0.0,0.0,0.0,1.0,0.0,0.0,0.0,1185732.0,0.0,0.0,0.0,0.0,1.0,1.0,0.0,31.0,9.0,8.0,2021.0,250
4.0,0.35,40.0,0.0,0.0,0.0,1.0,0.0,1.0,0.0,0.0,0.0,1185732.0,0.0,0.0,0.0,0.0,1.0,0.0,0.0,19.0,20.0,5.0,2021.0,100
10.0,0.54,41.0,0.0,1.0,0.0,0.0,0.0,1.0,0.0,0.0,0.0,1185732.0,0.0,0.0,0.0,0.0,1.0,1.0,0.0,47.0,17.0,10.0,2021.0,115
0.0,0.35,45.0,1.0,0.0,0.0,0.0,0.0,1.0,0.0,0.0,0.0,1185732.0,0.0,0.0,0.0,0.0,1.0,0.0,0.0,31.0,9.0,4.0,2021.0,525
0.0,0.41,37.0,0.0,0.0,0.0,1.0,0.0,1.0,0.0,0.0,0.0,1185732.0,0.0,0.0,0.0,0.0,1.0,1.0,0.0,31.0,9.0,4.0,2021.0,135
4.0,0.3,45.0,0.0,0.0,0.0,0.0,0.0,1.0,0.0,0.0,0.0,1185732.0,0.0,0.0,0.0,0.0,1.0,0.0,0.0,19.0,22.0,2.0,2021.0,125
0.0,0.45,55.00000000000001,0.0,1.0,0.0,0.0,0.0,1.0,0.0,0.0,0.0,1185732.0,0.0,0.0,0.0,0.0,1.0,0.0,0.0,31.0,8.0,9.0,2021.0,850
10.0,0.54,24.0,0.0,0.0,1.0,0.0,0.0,1.0,0.0,0.0,0.0,1185732.0,0.0,0.0,0.0,0.0,1.0,1.0,0.0,47.0,17.0,2.0,2021.0,105
0.0,0.56,42.0,0.0,1.0,0.0,0.0,0.0,1.0,0.0,0.0,0.0,1185732.0,0.0,0.0,0.0,0.0,1.0,1.0,0.0,31.0,9.0,4.0,2021.0,248
10.0,0.4,40.0,1.0,0.0,0.0,0.0,0.0,1.0,0.0,0.0,0.0,1185732.0,0.0,0.0,0.0,0.0,1.0,0.0,0.0,47.0,18.0,5.0,2021.0,300
0.0,0.4,47.0,0.0,0.0,0.0,1.0,0.0,1.0,0.0,0.0,0.0,1185732.0,0.0,0.0,0.0,0.0,1.0,1.0,0.0,31.0,9.0,11.0,2021.0,144
10.0,0.4,65.0,0.0,0.0,0.0,0.0,0.0,1.0,0.0,0.0,0.0,1185732.0,0.0,0.0,0.0,0.0,1.0,0.0,0.0,47.0,17.0,4.0,2021.0,200
0.0,0.36,34.0,0.0,0.0,0.0,0.0,1.0,1.0,0.0,0.0,0.0,1185732.0,0.0,0.0,0.0,0.0,1.0,1.0,0.0,31.0,9.0,4.0,2021.0,152
0.0,0.25,55.00000000000001,0.0,0.0,0.0,0.0,1.0,1.0,0.0,0.0,0.0,1185732.0,0.0,0.0,0.0,0.0,1.0,0.0,0.0,31.0,9.0,8.0,2021.0,625
0.0,0.45999999999999996,44.0,1.0,0.0,0.0,0.0,0.0,1.0,0.0,0.0,0.0,1185732.0,0.0,0.0,0.0,0.0,1.0,1.0,0.0,31.0,8.0,3.0,2021.0,165
40.0,0.41,34.0,0.0,0.0,0.0,1.0,0.0,1.0,0.0,0.0,0.0,1128299.0,0.0,0.0,0.0,0.0,1.0,0.0,1.0,37.0,5.0,1.0,2020.0,90
0.0,0.6,59.0,0.0,0.0,1.0,0.0,0.0,1.0,0.0,0.0,0.0,1185732.0,0.0,0.0,0.0,0.0,1.0,1.0,0.0,31.0,8.0,9.0,2021.0,156
10.0,0.53,32.0,0.0,0.0,0.0,1.0,0.0,1.0,0.0,0.0,0.0,1185732.0,0.0,0.0,0.0,0.0,1.0,1.0,0.0,47.0,17.0,10.0,2021.0,47
0.0,0.3,50.000000000000014,0.0,0.0,0.0,1.0,0.0,1.0,0.0,0.0,0.0,1185732.0,0.0,0.0,0.0,0.0,1.0,0.0,0.0,31.0,9.0,11.0,2021.0,575
0.0,0.25,50.0,0.0,0.0,0.0,0.0,1.0,1.0,0.0,0.0,0.0,1185732.0,0.0,0.0,0.0,0.0,1.0,0.0,0.0,31.0,8.0,5.0,2021.0,550
0.0,0.49,56.0,0.0,0.0,0.0,0.0,0.0,1.0,0.0,0.0,0.0,1185732.0,0.0,0.0,0.0,0.0,1.0,1.0,0.0,31.0,8.0,5.0,2021.0,137
0.0,0.42,37.0,0.0,0.0,0.0,1.0,0.0,1.0,0.0,0.0,0.0,1185732.0,0.0,0.0,0.0,0.0,1.0,1.0,0.0,31.0,10.0,2.0,2021.0,133
10.0,0.53,50.0,0.0,0.0,0.0,0.0,1.0,1.0,0.0,0.0,0.0,1185732.0,0.0,0.0,0.0,0.0,1.0,1.0,0.0,47.0,16.0,12.0,2021.0,112
0.0,0.44999999999999996,48.0,1.0,0.0,0.0,0.0,0.0,1.0,0.0,0.0,0.0,1185732.0,0.0,0.0,0.0,0.0,1.0,1.0,0.0,31.0,8.0,9.0,2021.0,163
0.0,0.25,50.000000000000014,0.0,0.0,0.0,0.0,1.0,1.0,0.0,0.0,0.0,1185732.0,0.0,0.0,0.0,0.0,1.0,0.0,0.0,31.0,9.0,11.0,2021.0,545
10.0,0.4,40.0,0.0,0.0,0.0,0.0,0.0,1.0,0.0,0.0,0.0,1185732.0,0.0,0.0,0.0,0.0,1.0,0.0,0.0,47.0,16.0,3.0,2021.0,225
0.0,0.36,33.0,0.0,0.0,0.0,0.0,1.0,1.0,0.0,0.0,0.0,1185732.0,0.0,0.0,0.0,0.0,1.0,1.0,0.0,31.0,8.0,3.0,2021.0,161
0.0,0.45999999999999996,50.0,0.0,0.0,0.0,0.0,0.0,1.0,0.0,0.0,0.0,1185732.0,0.0,0.0,0.0,0.0,1.0,1.0,0.0,31.0,10.0,2.0,2021.0,154
10.0,0.4,60.0,0.0,1.0,0.0,0.0,0.0,1.0,0.0,0.0,0.0,1185732.0,0.0,0.0,0.0,0.0,1.0,0.0,0.0,47.0,18.0,5.0,2021.0,595
42.0,0.35,33.0,0.0,1.0,0.0,0.0,0.0,1.0,0.0,0.0,0.0,1128299.0,0.0,0.0,0.0,0.0,1.0,1.0,0.0,18.0,10.0,1.0,2021.0,98
10.0,0.55,41.0,0.0,0.0,0.0,0.0,0.0,1.0,0.0,0.0,0.0,1185732.0,0.0,0.0,0.0,0.0,1.0,1.0,0.0,47.0,17.0,6.0,2021.0,74
0.0,0.4,47.0,0.0,0.0,0.0,1.0,0.0,1.0,0.0,0.0,0.0,1185732.0,0.0,0.0,0.0,0.0,1.0,1.0,0.0,31.0,8.0,5.0,2021.0,130
0.0,0.5,45.0,0.0,0.0,1.0,0.0,0.0,1.0,0.0,0.0,0.0,1185732.0,0.0,0.0,0.0,0.0,1.0,0.0,0.0,31.0,8.0,3.0,2021.0,575
10.0,0.54,33.0,0.0,0.0,0.0,0.0,1.0,1.0,0.0,0.0,0.0,1185732.0,0.0,0.0,0.0,0.0,1.0,1.0,0.0,47.0,17.0,6.0,2021.0,81
0.0,0.5800000000000001,59.0,0.0,1.0,0.0,0.0,0.0,1.0,0.0,0.0,0.0,1185732.0,0.0,0.0,0.0,0.0,1.0,1.0,0.0,31.0,8.0,12.0,2021.0,245
0.0,0.47,50.0,0.0,0.0,0.0,0.0,0.0,1.0,0.0,0.0,0.0,1185732.0,0.0,0.0,0.0,0.0,1.0,1.0,0.0,31.0,9.0,4.0,2021.0,124
4.0,0.4,35.0,0.0,1.0,0.0,0.0,0.0,1.0,0.0,0.0,0.0,1185732.0,0.0,0.0,0.0,0.0,1.0,0.0,0.0,19.0,20.0,3.0,2021.0,445
0.0,0.41,45.0,0.0,0.0,0.0,1.0,0.0,1.0,0.0,0.0,0.0,1185732.0,0.0,0.0,0.0,0.0,1.0,1.0,0.0,31.0,10.0,10.0,2021.0,135
10.0,0.4,54.99999999999999,0.0,0.0,1.0,0.0,0.0,1.0,0.0,0.0,0.0,1185732.0,0.0,0.0,0.0,0.0,1.0,0.0,0.0,47.0,18.0,5.0,2021.0,350
0.0,0.44999999999999996,62.0,0.0,0.0,0.0,0.0,0.0,1.0,0.0,0.0,0.0,1185732.0,0.0,0.0,0.0,0.0,1.0,1.0,0.0,31.0,9.0,11.0,2021.0,154
10.0,0.47,24.0,0.0,0.0,0.0,0.0,1.0,1.0,0.0,0.0,0.0,1185732.0,0.0,0.0,0.0,0.0,1.0,1.0,0.0,47.0,22.0,2.0,2021.0,46
0.0,0.35,50.000000000000014,1.0,0.0,0.0,0.0,0.0,1.0,0.0,0.0,0.0,1185732.0,0.0,0.0,0.0,0.0,1.0,0.0,0.0,31.0,10.0,10.0,2021.0,625
10.0,0.4,50.0,0.0,0.0,0.0,0.0,1.0,1.0,0.0,0.0,0.0,1185732.0,0.0,0.0,0.0,0.0,1.0,0.0,0.0,47.0,16.0,7.0,2021.0,325
10.0,0.55,60.0,0.0,0.0,0.0,0.0,0.0,1.0,0.0,0.0,0.0,1185732.0,0.0,0.0,0.0,0.0,1.0,1.0,0.0,47.0,17.0,4.0,2021.0,56
0.0,0.45,65.0,0.0,1.0,0.0,0.0,0.0,1.0,0.0,0.0,0.0,1185732.0,0.0,0.0,0.0,0.0,1.0,0.0,0.0,31.0,8.0,12.0,2021.0,875
10.0,0.4,24.999999999999993,0.0,0.0,1.0,0.0,0.0,1.0,0.0,0.0,0.0,1185732.0,0.0,0.0,0.0,0.0,1.0,0.0,0.0,47.0,17.0,2.0,2021.0,350
4.0,0.44,32.0,0.0,0.0,1.0,0.0,0.0,1.0,0.0,0.0,0.0,1185732.0,0.0,0.0,0.0,0.0,1.0,1.0,0.0,19.0,21.0,4.0,2021.0,52
10.0,0.51,34.0,0.0,1.0,0.0,0.0,0.0,1.0,0.0,0.0,0.0,1185732.0,0.0,0.0,0.0,0.0,1.0,1.0,0.0,47.0,18.0,9.0,2021.0,154
10.0,0.54,49.0,0.0,0.0,0.0,0.0,0.0,1.0,0.0,0.0,0.0,1185732.0,0.0,0.0,0.0,0.0,1.0,1.0,0.0,47.0,17.0,8.0,2021.0,68
4.0,0.47,27.0,0.0,0.0,0.0,1.0,0.0,1.0,0.0,0.0,0.0,1185732.0,0.0,0.0,0.0,0.0,1.0,1.0,0.0,19.0,21.0,4.0,2021.0,13
10.0,0.53,48.0,0.0,0.0,0.0,0.0,0.0,1.0,0.0,0.0,0.0,1185732.0,0.0,0.0,0.0,0.0,1.0,1.0,0.0,47.0,17.0,2.0,2021.0,65
10.0,0.4,35.0,0.0,0.0,0.0,1.0,0.0,1.0,0.0,0.0,0.0,1185732.0,0.0,0.0,0.0,0.0,1.0,0.0,0.0,47.0,17.0,2.0,2021.0,175
0.0,0.49,62.0,0.0,0.0,0.0,0.0,0.0,1.0,0.0,0.0,0.0,1185732.0,0.0,0.0,0.0,0.0,1.0,1.0,0.0,31.0,10.0,6.0,2021.0,150
10.0,0.4,49.99999999999999,0.0,0.0,0.0,0.0,0.0,1.0,0.0,0.0,0.0,1185732.0,0.0,0.0,0.0,0.0,1.0,0.0,0.0,47.0,17.0,2.0,2021.0,250
10.0,0.4,45.0,0.0,1.0,0.0,0.0,0.0,1.0,0.0,0.0,0.0,1185732.0,0.0,0.0,0.0,0.0,1.0,0.0,0.0,47.0,17.0,6.0,2021.0,600
0.0,0.55,56.0,0.0,1.0,0.0,0.0,0.0,1.0,0.0,0.0,0.0,1185732.0,0.0,0.0,0.0,0.0,1.0,1.0,0.0,31.0,9.0,11.0,2021.0,217
10.0,0.54,29.0,0.0,0.0,1.0,0.0,0.0,1.0,0.0,0.0,0.0,1185732.0,0.0,0.0,0.0,0.0,1.0,1.0,0.0,47.0,16.0,3.0,2021.0,81
0.0,0.5,60.00000000000001,0.0,0.0,1.0,0.0,0.0,1.0,0.0,0.0,0.0,1185732.0,0.0,0.0,0.0,0.0,1.0,0.0,0.0,31.0,9.0,8.0,2021.0,725
0.0,0.44999999999999996,55.0,1.0,0.0,0.0,0.0,0.0,1.0,0.0,0.0,0.0,1185732.0,0.0,0.0,0.0,0.0,1.0,1.0,0.0,31.0,9.0,8.0,2021.0,210
0.0,0.5700000000000001,57.0,0.0,1.0,0.0,0.0,0.0,1.0,0.0,0.0,0.0,1185732.0,0.0,0.0,0.0,0.0,1.0,1.0,0.0,31.0,10.0,10.0,2021.0,208
10.0,0.52,32.0,0.0,0.0,0.0,0.0,0.0,1.0,0.0,0.0,0.0,1185732.0,0.0,0.0,0.0,0.0,1.0,1.0,0.0,47.0,18.0,9.0,2021.0,61
9.0,0.45,60.00000000000001,1.0,0.0,0.0,0.0,0.0,1.0,0.0,0.0,0.0,1185732.0,0.0,0.0,0.0,0.0,1.0,0.0,0.0,44.0,11.0,11.0,2021.0,325
10.0,0.4,55.00000000000001,0.0,0.0,1.0,0.0,0.0,1.0,0.0,0.0,0.0,1185732.0,0.0,0.0,0.0,0.0,1.0,0.0,0.0,47.0,17.0,8.0,2021.0,425
10.0,0.4,60.00000000000001,0.0,0.0,0.0,0.0,0.0,1.0,0.0,0.0,0.0,1185732.0,0.0,0.0,0.0,0.0,1.0,0.0,0.0,47.0,16.0,7.0,2021.0,300
0.0,0.5,65.0,0.0,0.0,1.0,0.0,0.0,1.0,0.0,0.0,0.0,1185732.0,0.0,0.0,0.0,0.0,1.0,0.0,0.0,31.0,8.0,5.0,2021.0,625
0.0,0.35,41.0,0.0,0.0,0.0,0.0,1.0,1.0,0.0,0.0,0.0,1185732.0,0.0,0.0,0.0,0.0,1.0,1.0,0.0,31.0,8.0,9.0,2021.0,138
10.0,0.4,45.0,0.0,0.0,0.0,0.0,0.0,1.0,0.0,0.0,0.0,1185732.0,0.0,0.0,0.0,0.0,1.0,0.0,0.0,47.0,17.0,6.0,2021.0,275
4.0,0.43,43.0,0.0,0.0,0.0,0.0,0.0,1.0,0.0,0.0,0.0,1185732.0,0.0,0.0,0.0,0.0,1.0,1.0,0.0,19.0,20.0,3.0,2021.0,22
4.0,0.35,30.0,0.0,0.0,0.0,1.0,0.0,1.0,0.0,0.0,0.0,1185732.0,0.0,0.0,0.0,0.0,1.0,0.0,0.0,19.0,21.0,4.0,2021.0,50
0.0,0.35,65.0,0.0,0.0,0.0,0.0,0.0,1.0,0.0,0.0,0.0,1185732.0,0.0,0.0,0.0,0.0,1.0,0.0,0.0,31.0,9.0,11.0,2021.0,550
10.0,0.4,35.0,0.0,0.0,0.0,1.0,0.0,1.0,0.0,0.0,0.0,1185732.0,0.0,0.0,0.0,0.0,1.0,0.0,0.0,47.0,17.0,6.0,2021.0,275
10.0,0.52,25.0,0.0,0.0,0.0,1.0,0.0,1.0,0.0,0.0,0.0,1185732.0,0.0,0.0,0.0,0.0,1.0,1.0,0.0,47.0,17.0,4.0,2021.0,47
10.0,0.4,40.0,0.0,0.0,0.0,0.0,1.0,1.0,0.0,0.0,0.0,1185732.0,0.0,0.0,0.0,0.0,1.0,0.0,0.0,47.0,17.0,8.0,2021.0,300
10.0,0.4,60.00000000000001,0.0,1.0,0.0,0.0,0.0,1.0,0.0,0.0,0.0,1185732.0,0.0,0.0,0.0,0.0,1.0,0.0,0.0,47.0,16.0,7.0,2021.0,650
10.0,0.51,37.0,1.0,0.0,0.0,0.0,0.0,1.0,0.0,0.0,0.0,1185732.0,0.0,0.0,0.0,0.0,1.0,1.0,0.0,47.0,18.0,5.0,2021.0,87
0.0,0.41,44.0,0.0,0.0,0.0,1.0,0.0,1.0,0.0,0.0,0.0,1185732.0,0.0,0.0,0.0,0.0,1.0,1.0,0.0,31.0,8.0,9.0,2021.0,137
10.0,0.53,50.0,1.0,0.0,0.0,0.0,0.0,1.0,0.0,0.0,0.0,1185732.0,0.0,0.0,0.0,0.0,1.0,1.0,0.0,47.0,16.0,7.0,2021.0,116
10.0,0.54,54.0,0.0,0.0,0.0,0.0,0.0,1.0,0.0,0.0,0.0,1185732.0,0.0,0.0,0.0,0.0,1.0,1.0,0.0,47.0,16.0,7.0,2021.0,87
10.0,0.4,50.0,0.0,0.0,1.0,0.0,0.0,1.0,0.0,0.0,0.0,1185732.0,0.0,0.0,0.0,0.0,1.0,0.0,0.0,47.0,17.0,4.0,2021.0,325
10.0,0.4,30.00000000000001,1.0,0.0,0.0,0.0,0.0,1.0,0.0,0.0,0.0,1185732.0,0.0,0.0,0.0,0.0,1.0,0.0,0.0,47.0,18.0,9.0,2021.0,350
0.0,0.44999999999999996,43.0,1.0,0.0,0.0,0.0,0.0,1.0,0.0,0.0,0.0,1185732.0,0.0,0.0,0.0,0.0,1.0,1.0,0.0,31.0,9.0,4.0,2021.0,147
10.0,0.4,25.000000000000007,0.0,0.0,0.0,1.0,0.0,1.0,0.0,0.0,0.0,1185732.0,0.0,0.0,0.0,0.0,1.0,0.0,0.0,47.0,18.0,9.0,2021.0,225
10.0,0.55,32.0,0.0,0.0,0.0,0.0,1.0,1.0,0.0,0.0,0.0,1185732.0,0.0,0.0,0.0,0.0,1.0,1.0,0.0,47.0,18.0,5.0,2021.0,77
0.0,0.43,53.0,0.0,0.0,0.0,1.0,0.0,1.0,0.0,0.0,0.0,1185732.0,0.0,0.0,0.0,0.0,1.0,1.0,0.0,31.0,8.0,7.0,2021.0,150
10.0,0.4,44.99999999999999,0.0,0.0,0.0,0.0,0.0,1.0,0.0,0.0,0.0,1185732.0,0.0,0.0,0.0,0.0,1.0,0.0,0.0,47.0,17.0,10.0,2021.0,175
9.0,0.45999999999999996,54.0,0.0,0.0,1.0,0.0,0.0,1.0,0.0,0.0,0.0,1185732.0,0.0,0.0,0.0,0.0,1.0,0.0,1.0,44.0,12.0,10.0,2021.0,90
4.0,0.42,49.0,0.0,0.0,0.0,0.0,0.0,1.0,0.0,0.0,0.0,1185732.0,0.0,0.0,0.0,0.0,1.0,1.0,0.0,19.0,20.0,5.0,2021.0,36
4.0,0.35,35.0,1.0,0.0,0.0,0.0,0.0,1.0,0.0,0.0,0.0,1185732.0,0.0,0.0,0.0,0.0,1.0,0.0,0.0,19.0,21.0,4.0,2021.0,125
4.0,0.52,49.0,0.0,1.0,0.0,0.0,0.0,1.0,0.0,0.0,0.0,1185732.0,0.0,0.0,0.0,0.0,1.0,1.0,0.0,19.0,20.0,5.0,2021.0,118
10.0,0.52,59.0,0.0,0.0,1.0,0.0,0.0,1.0,0.0,0.0,0.0,1185732.0,0.0,0.0,0.0,0.0,1.0,1.0,0.0,47.0,17.0,6.0,2021.0,115
0.0,0.5,65.0,0.0,0.0,1.0,0.0,0.0,1.0,0.0,0.0,0.0,1185732.0,0.0,0.0,0.0,0.0,1.0,0.0,0.0,31.0,10.0,10.0,2021.0,625
0.0,0.65,66.0,0.0,0.0,1.0,0.0,0.0,1.0,0.0,0.0,0.0,1185732.0,0.0,0.0,0.0,0.0,1.0,1.0,0.0,31.0,8.0,7.0,2021.0,194
4.0,0.47,32.0,1.0,0.0,0.0,0.0,0.0,1.0,0.0,0.0,0.0,1185732.0,0.0,0.0,0.0,0.0,1.0,1.0,0.0,19.0,21.0,4.0,2021.0,31
9.0,0.5,54.0,0.0,1.0,0.0,0.0,0.0,1.0,0.0,0.0,0.0,1185732.0,0.0,0.0,0.0,0.0,1.0,0.0,1.0,44.0,11.0,11.0,2021.0,140
4.0,0.4,35.0,0.0,1.0,0.0,0.0,0.0,1.0,0.0,0.0,0.0,1185732.0,0.0,0.0,0.0,0.0,1.0,0.0,0.0,19.0,21.0,4.0,2021.0,425
0.0,0.35,45.0,1.0,0.0,0.0,0.0,0.0,1.0,0.0,0.0,0.0,1185732.0,0.0,0.0,0.0,0.0,1.0,0.0,0.0,31.0,8.0,3.0,2021.0,550
10.0,0.52,33.0,0.0,0.0,0.0,1.0,0.0,1.0,0.0,0.0,0.0,1185732.0,0.0,0.0,0.0,0.0,1.0,1.0,0.0,47.0,17.0,6.0,2021.0,69
0.0,0.5,70.0,0.0,0.0,1.0,0.0,0.0,1.0,0.0,0.0,0.0,1185732.0,0.0,0.0,0.0,0.0,1.0,0.0,0.0,31.0,8.0,7.0,2021.0,775
0.0,0.25,55.00000000000001,0.0,0.0,0.0,0.0,1.0,1.0,0.0,0.0,0.0,1185732.0,0.0,0.0,0.0,0.0,1.0,0.0,0.0,31.0,8.0,7.0,2021.0,625
0.0,0.38,48.0,0.0,0.0,0.0,0.0,1.0,1.0,0.0,0.0,0.0,1185732.0,0.0,0.0,0.0,0.0,1.0,1.0,0.0,31.0,10.0,6.0,2021.0,150
42.0,0.33,41.0,1.0,0.0,0.0,0.0,0.0,1.0,0.0,0.0,0.0,1128299.0,0.0,0.0,0.0,0.0,1.0,1.0,0.0,18.0,10.0,1.0,2021.0,109
0.0,0.44999999999999996,56.0,1.0,0.0,0.0,0.0,0.0,1.0,0.0,0.0,0.0,1185732.0,0.0,0.0,0.0,0.0,1.0,1.0,0.0,31.0,8.0,7.0,2021.0,196
0.0,0.25,35.0,0.0,0.0,0.0,0.0,1.0,1.0,0.0,0.0,0.0,1185732.0,0.0,0.0,0.0,0.0,1.0,0.0,0.0,31.0,9.0,4.0,2021.0,525
0.0,0.35,55.00000000000001,1.0,0.0,0.0,0.0,0.0,1.0,0.0,0.0,0.0,1185732.0,0.0,0.0,0.0,0.0,1.0,0.0,0.0,31.0,10.0,6.0,2021.0,625
0.0,0.35,50.000000000000014,1.0,0.0,0.0,0.0,0.0,1.0,0.0,0.0,0.0,1185732.0,0.0,0.0,0.0,0.0,1.0,0.0,0.0,31.0,8.0,9.0,2021.0,650
0.0,0.48,52.0,0.0,0.0,0.0,0.0,0.0,1.0,0.0,0.0,0.0,1185732.0,0.0,0.0,0.0,0.0,1.0,1.0,0.0,31.0,9.0,8.0,2021.0,149
10.0,0.4,35.0,0.0,1.0,0.0,0.0,0.0,1.0,0.0,0.0,0.0,1185732.0,0.0,0.0,0.0,0.0,1.0,0.0,0.0,47.0,18.0,9.0,2021.0,550
